RENT_DATE,RENT_TIME,RENT_ID,CNT
20210201,0,02112,1
20210201,0,02129,1
20210201,0,02130,1
20210201,0,02172,1
20210201,0,02179,1
20210201,1,02148,1
20210201,10,02139,2
20210201,10,02143,1
20210201,10,02186,1
20210201,10,03310,1
20210201,11,02122,1
20210201,11,02130,1
20210201,11,02139,1
20210201,11,02159,2
20210201,11,02171,1
20210201,11,02178,1
20210201,11,02179,1
20210201,11,02198,1
20210201,11,03311,1
20210201,11,03802,1
20210201,12,02111,1
20210201,12,02139,1
20210201,12,02143,1
20210201,12,02159,1
20210201,12,02171,4
20210201,12,02179,1
20210201,12,02185,2
20210201,12,02186,1
20210201,12,03311,3
20210201,13,02111,1
20210201,13,02112,1
20210201,13,02116,1
20210201,13,02122,4
20210201,13,02128,1
20210201,13,02171,1
20210201,13,02178,1
20210201,13,02179,3
20210201,13,02186,1
20210201,13,03310,2
20210201,13,03311,1
20210201,14,02111,3
20210201,14,02116,1
20210201,14,02128,3
20210201,14,02130,1
20210201,14,02148,1
20210201,14,02171,3
20210201,14,02178,1
20210201,14,02179,2
20210201,14,02185,3
20210201,14,02191,1
20210201,14,02198,1
20210201,14,02199,3
20210201,14,03310,1
20210201,14,03311,1
20210201,15,02111,3
20210201,15,02112,3
20210201,15,02122,2
20210201,15,02128,4
20210201,15,02130,1
20210201,15,02139,1
20210201,15,02148,1
20210201,15,02171,4
20210201,15,02172,1
20210201,15,02178,1
20210201,15,02179,2
20210201,15,02191,1
20210201,15,03310,1
20210201,15,03311,1
20210201,16,02112,1
20210201,16,02116,2
20210201,16,02122,1
20210201,16,02128,1
20210201,16,02129,3
20210201,16,02139,2
20210201,16,02171,3
20210201,16,02172,1
20210201,16,02178,2
20210201,16,02179,1
20210201,16,02185,1
20210201,16,02191,3
20210201,16,02198,1
20210201,16,03311,3
20210201,17,02111,3
20210201,17,02128,2
20210201,17,02129,1
20210201,17,02148,1
20210201,17,02171,2
20210201,17,02185,6
20210201,17,02191,1
20210201,17,02198,1
20210201,17,03802,2
20210201,18,02111,4
20210201,18,02116,1
20210201,18,02122,1
20210201,18,02128,2
20210201,18,02130,1
20210201,18,02148,1
20210201,18,02171,1
20210201,18,02179,1
20210201,18,02185,3
20210201,18,02186,2
20210201,18,02191,2
20210201,18,02199,1
20210201,18,03311,1
20210201,19,02111,1
20210201,19,02112,1
20210201,19,02116,3
20210201,19,02122,2
20210201,19,02128,1
20210201,19,02129,1
20210201,19,02143,1
20210201,19,02148,1
20210201,19,02159,1
20210201,19,02171,2
20210201,19,02179,1
20210201,19,02186,3
20210201,19,02191,1
20210201,19,03311,3
20210201,20,02111,1
20210201,20,02112,2
20210201,20,02148,1
20210201,20,02171,4
20210201,20,02178,1
20210201,20,02186,3
20210201,20,02191,1
20210201,20,02198,2
20210201,20,02199,1
20210201,20,03311,1
20210201,21,02112,4
20210201,21,02128,1
20210201,21,02139,1
20210201,21,02171,2
20210201,21,02178,1
20210201,21,02179,2
20210201,21,02185,2
20210201,21,02186,1
20210201,22,02112,1
20210201,22,02116,1
20210201,22,02122,2
20210201,22,02128,1
20210201,22,02139,1
20210201,22,02159,1
20210201,22,02179,5
20210201,22,02185,1
20210201,22,02186,1
20210201,23,02128,2
20210201,23,02179,1
20210201,23,02185,1
20210201,23,02186,1
20210201,5,02112,1
20210201,5,02198,1
20210201,7,02111,1
20210201,7,02116,1
20210201,7,02128,1
20210201,7,02129,1
20210201,7,02148,1
20210201,7,02159,1
20210201,7,02171,1
20210201,7,02172,1
20210201,7,02191,2
20210201,8,02111,1
20210201,8,02122,2
20210201,8,02128,1
20210201,8,02130,1
20210201,8,02148,1
20210201,8,02171,1
20210201,8,02179,2
20210201,8,02185,1
20210201,8,02186,2
20210201,8,02191,3
20210201,8,02199,1
20210201,8,03310,4
20210201,9,02128,2
20210201,9,02185,2
20210201,9,02186,1
20210201,9,03310,1
20210201,9,03311,1
20210202,0,02148,1
20210202,1,02111,1
20210202,1,02128,1
20210202,1,02171,1
20210202,10,02129,2
20210202,10,02179,1
20210202,10,02185,1
20210202,10,02186,1
20210202,10,02198,1
20210202,11,02128,1
20210202,11,02139,1
20210202,11,02171,1
20210202,11,02186,1
20210202,11,03802,1
20210202,12,02111,2
20210202,12,02128,1
20210202,12,02178,2
20210202,12,02179,1
20210202,12,03311,1
20210202,13,02111,1
20210202,13,02139,2
20210202,13,02191,3
20210202,14,02139,3
20210202,14,02143,1
20210202,14,02171,2
20210202,14,02178,1
20210202,14,02185,1
20210202,14,02191,1
20210202,14,03311,3
20210202,15,02111,1
20210202,15,02112,1
20210202,15,02128,1
20210202,15,02129,2
20210202,15,02139,2
20210202,15,02148,1
20210202,15,02159,1
20210202,15,02171,1
20210202,15,02179,1
20210202,15,02185,1
20210202,15,02186,1
20210202,15,02198,1
20210202,16,02111,1
20210202,16,02112,2
20210202,16,02116,1
20210202,16,02143,1
20210202,16,02171,1
20210202,16,02198,2
20210202,17,02112,1
20210202,17,02122,1
20210202,17,02171,2
20210202,17,02179,2
20210202,17,02186,1
20210202,17,02191,1
20210202,17,03310,1
20210202,18,02111,1
20210202,18,02112,1
20210202,18,02128,1
20210202,18,02139,1
20210202,18,02171,2
20210202,18,02178,2
20210202,18,02179,1
20210202,18,02185,1
20210202,18,02186,1
20210202,18,02191,1
20210202,18,02199,1
20210202,18,03311,1
20210202,19,02111,1
20210202,19,02112,5
20210202,19,02122,2
20210202,19,02128,1
20210202,19,02139,1
20210202,19,02148,2
20210202,19,02159,2
20210202,19,02172,1
20210202,19,02179,2
20210202,19,02186,3
20210202,19,03311,1
20210202,2,02143,1
20210202,2,02185,1
20210202,20,02111,1
20210202,20,02112,1
20210202,20,02128,1
20210202,20,02148,1
20210202,20,02179,1
20210202,20,02186,1
20210202,20,02191,1
20210202,20,02198,2
20210202,21,02111,2
20210202,21,02122,1
20210202,21,02130,1
20210202,21,02148,1
20210202,21,02179,1
20210202,21,02198,1
20210202,22,02122,1
20210202,22,02129,1
20210202,22,02139,1
20210202,22,02179,1
20210202,23,02128,1
20210202,23,02172,1
20210202,23,02186,1
20210202,23,03802,1
20210202,4,02159,1
20210202,5,02111,1
20210202,5,02198,1
20210202,6,02129,2
20210202,6,02185,1
20210202,7,02128,1
20210202,7,02139,2
20210202,7,02185,1
20210202,7,02191,2
20210202,7,03310,1
20210202,7,03311,1
20210202,8,02129,1
20210202,8,02143,1
20210202,8,02159,1
20210202,8,02179,3
20210202,8,02185,2
20210202,8,02191,1
20210202,8,02198,1
20210202,8,02199,1
20210202,9,02112,1
20210202,9,02122,1
20210202,9,02185,1
20210203,0,02185,1
20210203,0,02191,1
20210203,1,02171,1
20210203,10,02128,1
20210203,10,02148,1
20210203,10,02185,1
20210203,10,02186,1
20210203,10,03310,1
20210203,11,02116,1
20210203,11,02128,1
20210203,11,02139,1
20210203,11,02186,1
20210203,12,02111,2
20210203,12,02116,1
20210203,12,02128,1
20210203,12,02129,2
20210203,12,02139,2
20210203,12,02159,1
20210203,12,02171,3
20210203,12,02178,1
20210203,12,02179,2
20210203,12,02185,1
20210203,12,02191,1
20210203,13,02111,3
20210203,13,02148,1
20210203,13,02159,1
20210203,13,02171,2
20210203,13,02179,2
20210203,13,02185,3
20210203,13,02191,2
20210203,14,02111,1
20210203,14,02112,1
20210203,14,02129,1
20210203,14,02143,1
20210203,14,02159,1
20210203,14,02179,3
20210203,14,02191,2
20210203,14,03310,1
20210203,14,03311,1
20210203,15,02112,1
20210203,15,02122,2
20210203,15,02128,1
20210203,15,02129,1
20210203,15,02148,1
20210203,15,02171,2
20210203,15,02178,1
20210203,15,02179,1
20210203,15,02191,1
20210203,15,02198,3
20210203,15,03311,1
20210203,16,02112,1
20210203,16,02116,2
20210203,16,03310,1
20210203,16,03311,1
20210203,17,02111,3
20210203,17,02116,1
20210203,17,02129,1
20210203,17,02130,1
20210203,17,02139,5
20210203,17,02143,1
20210203,17,02159,2
20210203,17,02171,6
20210203,17,02178,1
20210203,17,02179,1
20210203,17,02185,1
20210203,17,02186,2
20210203,17,02191,2
20210203,17,02198,1
20210203,17,03311,6
20210203,17,03802,2
20210203,18,02111,1
20210203,18,02112,2
20210203,18,02116,3
20210203,18,02128,1
20210203,18,02129,1
20210203,18,02139,1
20210203,18,02143,1
20210203,18,02148,2
20210203,18,02171,4
20210203,18,02172,1
20210203,18,02178,1
20210203,18,02185,1
20210203,18,02186,3
20210203,18,02198,1
20210203,18,03311,1
20210203,19,02111,2
20210203,19,02112,1
20210203,19,02116,3
20210203,19,02122,2
20210203,19,02128,1
20210203,19,02148,1
20210203,19,02159,1
20210203,19,02171,3
20210203,19,02179,4
20210203,19,02186,2
20210203,19,02191,1
20210203,19,02198,1
20210203,19,02199,1
20210203,19,03310,1
20210203,19,03311,1
20210203,2,02171,1
20210203,2,02179,1
20210203,20,02139,1
20210203,20,02198,1
20210203,21,02111,1
20210203,21,02148,1
20210203,23,02128,1
20210203,5,02112,1
20210203,5,02198,1
20210203,6,02129,1
20210203,6,02143,1
20210203,6,02186,1
20210203,7,02112,2
20210203,7,02116,1
20210203,7,02128,1
20210203,7,02129,1
20210203,7,02178,1
20210203,7,02191,3
20210203,8,02111,1
20210203,8,02129,2
20210203,8,02148,1
20210203,8,02171,1
20210203,8,02179,1
20210203,8,02185,1
20210203,8,02191,2
20210203,8,02198,1
20210203,8,02199,1
20210203,8,03310,1
20210203,9,02129,1
20210203,9,02171,1
20210203,9,02185,1
20210203,9,02186,1
20210204,0,02128,1
20210204,0,02191,1
20210204,1,02128,1
20210204,10,02128,1
20210204,10,02179,1
20210204,10,02198,1
20210204,11,02111,1
20210204,11,02128,1
20210204,11,02129,1
20210204,11,02139,1
20210204,11,02171,1
20210204,12,02148,1
20210204,12,02171,1
20210204,12,02179,1
20210204,13,02112,1
20210204,13,02139,2
20210204,13,02179,1
20210204,13,02191,1
20210204,13,02198,1
20210204,14,02111,2
20210204,14,02171,2
20210204,14,02185,2
20210204,14,03311,1
20210204,15,02112,1
20210204,15,02122,2
20210204,15,02128,1
20210204,15,02139,1
20210204,15,02171,1
20210204,15,02198,2
20210204,15,02199,1
20210204,15,03311,1
20210204,16,02186,1
20210204,16,02191,1
20210204,16,03310,1
20210204,17,02111,1
20210204,17,02122,1
20210204,17,02129,2
20210204,17,02148,1
20210204,17,02159,1
20210204,17,02171,2
20210204,17,02186,3
20210204,17,03802,2
20210204,18,02112,1
20210204,18,02129,1
20210204,18,02148,1
20210204,18,02171,1
20210204,18,02179,2
20210204,18,02185,1
20210204,18,02186,1
20210204,18,02191,1
20210204,18,03311,2
20210204,19,02122,1
20210204,19,02171,2
20210204,19,02179,1
20210204,19,03311,1
20210204,20,02116,1
20210204,20,02139,1
20210204,20,02148,1
20210204,20,02179,2
20210204,20,02185,1
20210204,20,02186,1
20210204,21,02112,2
20210204,21,02116,1
20210204,21,02148,1
20210204,21,02171,2
20210204,21,02179,1
20210204,21,02185,1
20210204,21,02186,1
20210204,22,02111,1
20210204,22,02122,1
20210204,22,02148,1
20210204,22,02159,1
20210204,23,02112,1
20210204,23,02128,1
20210204,23,02148,1
20210204,23,02172,1
20210204,4,02179,1
20210204,5,02128,1
20210204,5,02198,1
20210204,6,02198,1
20210204,7,02191,2
20210204,8,02139,1
20210204,8,02148,1
20210204,8,02179,1
20210205,0,02111,1
20210205,0,02128,1
20210205,0,02148,1
20210205,0,02186,1
20210205,0,02191,1
20210205,0,02199,1
20210205,1,02116,2
20210205,1,02139,1
20210205,1,02185,1
20210205,10,02122,1
20210205,10,02148,2
20210205,10,02185,1
20210205,10,02191,1
20210205,11,02116,2
20210205,11,02129,2
20210205,11,02139,1
20210205,11,02143,1
20210205,11,02148,1
20210205,11,02179,2
20210205,11,02199,1
20210205,11,03310,2
20210205,12,02111,2
20210205,12,02112,1
20210205,12,02128,2
20210205,12,02139,2
20210205,12,02143,1
20210205,12,02171,2
20210205,12,02178,1
20210205,12,02179,2
20210205,12,03310,1
20210205,12,03311,1
20210205,13,02111,1
20210205,13,02112,1
20210205,13,02128,2
20210205,13,02148,1
20210205,13,02159,1
20210205,13,02172,1
20210205,13,02178,1
20210205,13,02179,2
20210205,13,02185,1
20210205,13,02186,1
20210205,13,02191,2
20210205,13,02198,3
20210205,13,03311,2
20210205,13,03802,1
20210205,14,02112,2
20210205,14,02122,1
20210205,14,02139,1
20210205,14,02143,1
20210205,14,02171,3
20210205,14,02178,1
20210205,14,02191,2
20210205,14,03802,1
20210205,15,02112,1
20210205,15,02122,1
20210205,15,02128,1
20210205,15,02139,1
20210205,15,02148,1
20210205,15,02178,1
20210205,15,02179,1
20210205,15,02185,2
20210205,15,02199,2
20210205,15,03310,1
20210205,16,02111,3
20210205,16,02112,1
20210205,16,02116,3
20210205,16,02139,1
20210205,16,02171,2
20210205,16,02179,2
20210205,16,02191,3
20210205,17,02111,1
20210205,17,02112,1
20210205,17,02116,2
20210205,17,02122,2
20210205,17,02129,3
20210205,17,02139,1
20210205,17,02171,1
20210205,17,02178,1
20210205,17,02179,1
20210205,17,02185,2
20210205,17,02191,2
20210205,17,02198,3
20210205,17,02199,1
20210205,17,03310,2
20210205,17,03311,2
20210205,17,03802,1
20210205,18,02112,2
20210205,18,02116,6
20210205,18,02122,2
20210205,18,02128,1
20210205,18,02129,1
20210205,18,02139,4
20210205,18,02148,2
20210205,18,02171,2
20210205,18,02178,3
20210205,18,02179,2
20210205,18,03310,2
20210205,18,03311,1
20210205,19,02111,2
20210205,19,02116,1
20210205,19,02122,1
20210205,19,02128,1
20210205,19,02148,1
20210205,19,02172,1
20210205,19,02178,2
20210205,19,02179,1
20210205,19,02198,1
20210205,19,02199,1
20210205,2,02172,1
20210205,20,02111,2
20210205,20,02116,1
20210205,20,02122,1
20210205,20,02128,1
20210205,20,02129,1
20210205,20,02139,1
20210205,20,02171,2
20210205,20,02178,1
20210205,20,02179,4
20210205,20,02191,2
20210205,20,02199,1
20210205,20,03311,1
20210205,21,02111,4
20210205,21,02112,5
20210205,21,02116,2
20210205,21,02129,1
20210205,21,02130,2
20210205,21,02139,1
20210205,21,02148,1
20210205,21,02171,1
20210205,21,02178,2
20210205,21,02185,1
20210205,21,02191,2
20210205,21,02198,1
20210205,21,02199,1
20210205,22,02112,1
20210205,22,02128,2
20210205,22,02129,1
20210205,22,02130,1
20210205,22,02171,2
20210205,22,02172,1
20210205,22,02179,1
20210205,22,02199,1
20210205,23,02111,3
20210205,23,02159,1
20210205,23,02178,5
20210205,23,02179,1
20210205,3,03310,1
20210205,5,02111,1
20210205,5,02116,1
20210205,5,02198,1
20210205,6,02129,1
20210205,6,02199,1
20210205,7,02128,1
20210205,7,02171,1
20210205,7,02191,2
20210205,8,02112,1
20210205,8,02128,1
20210205,8,02139,1
20210205,8,02148,1
20210205,8,02171,1
20210205,8,02185,1
20210205,8,03310,1
20210205,9,02116,1
20210205,9,02122,1
20210205,9,02159,1
20210205,9,02179,1
20210205,9,02185,2
20210205,9,02186,1
20210206,0,02112,2
20210206,0,02171,3
20210206,0,02186,2
20210206,1,02112,1
20210206,1,02148,1
20210206,1,02185,2
20210206,10,02122,1
20210206,10,02128,1
20210206,10,02129,1
20210206,10,02143,1
20210206,10,02148,2
20210206,10,02159,1
20210206,10,02171,1
20210206,10,02172,2
20210206,10,02178,1
20210206,10,02179,2
20210206,10,02185,2
20210206,10,02186,2
20210206,10,02191,2
20210206,10,02198,2
20210206,10,02199,1
20210206,10,03310,2
20210206,10,03311,2
20210206,11,02111,1
20210206,11,02112,1
20210206,11,02116,2
20210206,11,02128,1
20210206,11,02130,1
20210206,11,02139,1
20210206,11,02148,5
20210206,11,02159,1
20210206,11,02171,3
20210206,11,02172,1
20210206,11,02185,2
20210206,11,02186,1
20210206,11,02191,2
20210206,11,02198,1
20210206,12,02111,3
20210206,12,02116,1
20210206,12,02128,1
20210206,12,02139,1
20210206,12,02143,1
20210206,12,02148,1
20210206,12,02172,1
20210206,12,02178,2
20210206,12,02186,1
20210206,12,02191,2
20210206,13,02111,2
20210206,13,02112,1
20210206,13,02116,1
20210206,13,02122,1
20210206,13,02128,1
20210206,13,02139,1
20210206,13,02143,1
20210206,13,02148,5
20210206,13,02159,1
20210206,13,02171,3
20210206,13,02191,2
20210206,13,02198,2
20210206,14,02112,1
20210206,14,02116,2
20210206,14,02128,1
20210206,14,02130,1
20210206,14,02139,1
20210206,14,02143,4
20210206,14,02148,1
20210206,14,02159,2
20210206,14,02179,1
20210206,14,02185,1
20210206,14,02191,2
20210206,14,03311,3
20210206,15,02111,4
20210206,15,02112,3
20210206,15,02116,3
20210206,15,02122,2
20210206,15,02128,3
20210206,15,02139,1
20210206,15,02148,1
20210206,15,02171,5
20210206,15,02172,3
20210206,15,02178,2
20210206,15,02179,2
20210206,15,02185,1
20210206,15,02186,1
20210206,15,02198,2
20210206,15,02199,1
20210206,15,03310,1
20210206,15,03311,3
20210206,16,02111,1
20210206,16,02112,1
20210206,16,02116,2
20210206,16,02122,2
20210206,16,02128,1
20210206,16,02139,4
20210206,16,02143,1
20210206,16,02148,1
20210206,16,02159,1
20210206,16,02172,5
20210206,16,02178,4
20210206,16,02179,1
20210206,16,02185,2
20210206,16,02191,2
20210206,16,03310,3
20210206,16,03311,1
20210206,17,02116,2
20210206,17,02129,1
20210206,17,02139,1
20210206,17,02143,4
20210206,17,02148,2
20210206,17,02171,3
20210206,17,02186,1
20210206,17,02198,1
20210206,17,03802,1
20210206,18,02111,2
20210206,18,02112,1
20210206,18,02116,2
20210206,18,02129,1
20210206,18,02139,2
20210206,18,02143,1
20210206,18,02171,1
20210206,18,02172,1
20210206,18,02178,2
20210206,18,02179,2
20210206,18,02191,2
20210206,18,03310,1
20210206,18,03311,1
20210206,19,02111,1
20210206,19,02112,1
20210206,19,02116,4
20210206,19,02122,2
20210206,19,02128,1
20210206,19,02178,1
20210206,19,02179,1
20210206,19,03310,1
20210206,2,02112,4
20210206,2,02128,1
20210206,2,02179,1
20210206,2,02186,1
20210206,2,02198,3
20210206,20,02111,1
20210206,20,02112,2
20210206,20,02116,1
20210206,20,02143,2
20210206,20,02148,1
20210206,20,02159,2
20210206,20,02171,1
20210206,20,02179,2
20210206,20,02185,3
20210206,20,02191,1
20210206,20,03311,2
20210206,21,02111,2
20210206,21,02116,1
20210206,21,02122,1
20210206,21,02128,5
20210206,21,02139,4
20210206,21,02148,1
20210206,21,02171,2
20210206,21,02178,1
20210206,21,02179,1
20210206,21,02185,1
20210206,21,02186,1
20210206,21,02191,1
20210206,21,02198,1
20210206,21,03311,3
20210206,22,02112,4
20210206,22,02116,1
20210206,22,02130,1
20210206,22,02139,2
20210206,22,02148,1
20210206,22,02172,1
20210206,22,02178,1
20210206,22,02179,1
20210206,22,03310,1
20210206,22,03311,1
20210206,23,02111,2
20210206,23,02112,1
20210206,23,02116,1
20210206,23,02128,1
20210206,23,02129,1
20210206,23,02178,1
20210206,23,02179,1
20210206,23,02186,1
20210206,23,02198,1
20210206,3,02122,1
20210206,3,02171,1
20210206,4,02129,1
20210206,4,02159,1
20210206,5,02122,1
20210206,5,02198,1
20210206,6,02116,2
20210206,6,02122,1
20210206,6,02185,1
20210206,6,02191,1
20210206,7,02111,1
20210206,7,02112,1
20210206,7,02116,1
20210206,7,02130,1
20210206,7,02171,1
20210206,7,02191,2
20210206,8,02139,2
20210206,8,02179,1
20210206,8,02198,1
20210206,8,03310,1
20210206,9,02112,2
20210206,9,02116,2
20210206,9,02128,1
20210206,9,02172,1
20210206,9,02191,1
20210206,9,02198,1
20210206,9,03310,3
20210207,0,02111,1
20210207,0,02112,1
20210207,0,02128,1
20210207,0,02129,1
20210207,0,02185,1
20210207,0,02191,1
20210207,0,02199,1
20210207,1,02128,2
20210207,1,02148,2
20210207,1,02171,2
20210207,1,02172,1
20210207,1,02191,1
20210207,1,02199,1
20210207,10,02112,2
20210207,10,02128,1
20210207,10,02172,1
20210207,10,02179,1
20210207,10,02185,2
20210207,10,02186,2
20210207,10,03310,2
20210207,10,03311,1
20210207,11,02111,2
20210207,11,02112,2
20210207,11,02139,1
20210207,11,02171,1
20210207,11,02172,1
20210207,11,02185,1
20210207,11,02191,1
20210207,11,02198,1
20210207,11,02199,1
20210207,11,03310,1
20210207,12,02111,2
20210207,12,02112,1
20210207,12,02116,1
20210207,12,02130,1
20210207,12,02139,2
20210207,12,02171,2
20210207,12,02172,3
20210207,12,02178,2
20210207,12,02198,1
20210207,12,03310,2
20210207,12,03311,1
20210207,13,02111,1
20210207,13,02112,1
20210207,13,02122,2
20210207,13,02129,1
20210207,13,02130,1
20210207,13,02139,1
20210207,13,02171,3
20210207,13,02172,1
20210207,13,02185,1
20210207,13,02186,2
20210207,13,02191,1
20210207,13,03310,2
20210207,14,02111,3
20210207,14,02129,1
20210207,14,02130,2
20210207,14,02139,3
20210207,14,02148,1
20210207,14,02171,2
20210207,14,02172,2
20210207,14,02178,1
20210207,14,02179,2
20210207,14,02186,2
20210207,14,02191,1
20210207,14,02198,1
20210207,14,03310,1
20210207,15,02112,1
20210207,15,02116,2
20210207,15,02128,1
20210207,15,02130,3
20210207,15,02139,2
20210207,15,02171,2
20210207,15,02172,3
20210207,15,02178,2
20210207,15,02179,1
20210207,15,02185,1
20210207,15,02191,1
20210207,15,03310,1
20210207,15,03311,3
20210207,16,02111,3
20210207,16,02112,2
20210207,16,02116,2
20210207,16,02122,1
20210207,16,02128,2
20210207,16,02129,2
20210207,16,02130,3
20210207,16,02139,4
20210207,16,02143,2
20210207,16,02148,1
20210207,16,02171,2
20210207,16,02172,1
20210207,16,02178,2
20210207,16,02179,1
20210207,16,02191,1
20210207,16,02198,2
20210207,17,02111,2
20210207,17,02112,3
20210207,17,02122,1
20210207,17,02129,1
20210207,17,02139,1
20210207,17,02143,1
20210207,17,02148,1
20210207,17,02172,1
20210207,17,02178,2
20210207,17,02179,1
20210207,17,02185,1
20210207,17,03311,1
20210207,18,02111,2
20210207,18,02116,1
20210207,18,02122,1
20210207,18,02129,1
20210207,18,02130,1
20210207,18,02139,1
20210207,18,02148,1
20210207,18,02171,3
20210207,18,02172,1
20210207,18,02185,3
20210207,18,02186,1
20210207,18,02191,2
20210207,18,03311,2
20210207,19,02111,1
20210207,19,02112,1
20210207,19,02128,1
20210207,19,02130,3
20210207,19,02148,1
20210207,19,02159,1
20210207,19,02171,1
20210207,19,02172,1
20210207,19,02178,1
20210207,19,02179,1
20210207,19,02186,1
20210207,19,02191,1
20210207,19,03310,2
20210207,2,02112,1
20210207,2,02179,1
20210207,20,02112,1
20210207,20,02116,2
20210207,20,02128,1
20210207,20,02148,1
20210207,20,02159,1
20210207,20,02171,2
20210207,20,02172,1
20210207,20,02178,1
20210207,20,02179,1
20210207,20,02186,1
20210207,21,02111,2
20210207,21,02129,1
20210207,21,02139,1
20210207,21,02148,1
20210207,21,02159,1
20210207,21,02178,1
20210207,21,02179,2
20210207,21,02198,1
20210207,22,02112,2
20210207,22,02129,1
20210207,22,02130,1
20210207,22,02178,1
20210207,22,02179,1
20210207,23,02116,1
20210207,23,02128,1
20210207,23,02139,1
20210207,23,02171,1
20210207,3,02116,1
20210207,3,02178,4
20210207,4,02116,1
20210207,4,02178,2
20210207,5,02198,1
20210207,6,02179,3
20210207,7,02116,2
20210207,7,02171,1
20210207,8,02185,1
20210207,8,02191,1
20210207,8,03310,1
20210207,9,02112,2
20210207,9,02186,1
20210208,0,02198,1
20210208,1,02116,1
20210208,1,02122,1
20210208,1,02129,1
20210208,1,02143,1
20210208,1,02178,1
20210208,10,02122,3
20210208,10,02130,1
20210208,10,02148,1
20210208,10,02159,1
20210208,10,02185,1
20210208,10,02186,1
20210208,10,02198,1
20210208,11,02111,1
20210208,11,02128,3
20210208,11,02148,1
20210208,11,02179,1
20210208,11,02191,1
20210208,11,02198,1
20210208,12,02111,1
20210208,12,02116,1
20210208,12,02128,1
20210208,12,02139,2
20210208,12,02148,1
20210208,12,02159,1
20210208,12,02179,1
20210208,12,02191,1
20210208,12,02198,1
20210208,13,02111,1
20210208,13,02112,2
20210208,13,02128,2
20210208,13,02171,2
20210208,13,02179,1
20210208,13,02185,1
20210208,13,02191,1
20210208,13,02198,2
20210208,13,03311,1
20210208,14,02116,1
20210208,14,02129,1
20210208,14,02139,1
20210208,14,02172,1
20210208,14,02185,1
20210208,14,02186,2
20210208,14,02191,1
20210208,14,02198,1
20210208,15,02111,1
20210208,15,02112,2
20210208,15,02128,1
20210208,15,02130,1
20210208,15,02148,2
20210208,15,02159,1
20210208,15,02171,2
20210208,15,02179,3
20210208,15,02185,1
20210208,15,02198,1
20210208,15,03310,3
20210208,16,02116,1
20210208,16,02129,1
20210208,16,02139,2
20210208,16,02148,2
20210208,16,02171,1
20210208,16,02179,1
20210208,16,02191,2
20210208,16,03310,1
20210208,17,02112,1
20210208,17,02129,1
20210208,17,02139,1
20210208,17,02148,1
20210208,17,02159,1
20210208,17,02171,1
20210208,17,02178,1
20210208,17,02179,1
20210208,17,02185,1
20210208,17,03311,2
20210208,18,02111,1
20210208,18,02116,1
20210208,18,02122,2
20210208,18,02128,1
20210208,18,02139,1
20210208,18,02143,2
20210208,18,02171,2
20210208,18,02178,1
20210208,18,02179,2
20210208,18,02185,1
20210208,18,03310,1
20210208,18,03311,2
20210208,19,02111,5
20210208,19,02116,1
20210208,19,02122,2
20210208,19,02139,1
20210208,19,02148,1
20210208,19,02171,3
20210208,19,02178,1
20210208,19,02179,2
20210208,19,02186,1
20210208,19,03310,1
20210208,19,03311,1
20210208,2,02179,1
20210208,20,02111,1
20210208,20,02128,2
20210208,20,02148,1
20210208,20,02179,1
20210208,20,02198,1
20210208,20,03311,3
20210208,21,02111,2
20210208,21,02112,1
20210208,21,02116,1
20210208,21,02128,2
20210208,21,02129,2
20210208,21,02171,1
20210208,21,02178,2
20210208,21,02179,1
20210208,21,02185,1
20210208,21,02186,2
20210208,21,03311,2
20210208,22,02111,3
20210208,22,02112,5
20210208,22,02148,1
20210208,22,02179,1
20210208,22,02186,1
20210208,22,02191,1
20210208,23,02116,2
20210208,23,02128,1
20210208,23,02139,1
20210208,23,02159,1
20210208,23,02178,1
20210208,23,02179,1
20210208,23,03310,1
20210208,3,02185,1
20210208,3,03311,1
20210208,5,02116,1
20210208,5,02148,1
20210208,5,02198,1
20210208,6,02116,1
20210208,6,02186,1
20210208,6,03310,1
20210208,7,02128,1
20210208,7,02130,1
20210208,7,02139,1
20210208,7,02159,1
20210208,7,02185,1
20210208,7,02191,2
20210208,7,03310,1
20210208,8,02112,1
20210208,8,02139,3
20210208,8,02148,3
20210208,8,02171,1
20210208,8,02185,1
20210208,8,02186,1
20210208,8,03310,6
20210208,8,03311,1
20210208,9,02112,1
20210208,9,02128,1
20210208,9,02129,1
20210208,9,02139,1
20210208,9,02172,1
20210208,9,02179,1
20210208,9,02185,1
20210208,9,02186,2
20210209,0,02128,2
20210209,0,02186,1
20210209,1,02112,1
20210209,1,02122,2
20210209,1,02179,2
20210209,1,02185,1
20210209,1,02191,1
20210209,1,02198,1
20210209,10,02111,1
20210209,10,02116,1
20210209,10,02128,1
20210209,10,02129,1
20210209,10,02139,1
20210209,10,02148,1
20210209,10,02178,1
20210209,10,02179,1
20210209,10,02185,1
20210209,10,03310,1
20210209,11,02112,1
20210209,11,02129,1
20210209,11,02148,1
20210209,11,02191,1
20210209,11,03311,1
20210209,12,02111,1
20210209,12,02128,1
20210209,12,02139,2
20210209,12,02148,1
20210209,12,02179,1
20210209,12,02185,1
20210209,12,02186,1
20210209,12,02198,1
20210209,12,02199,1
20210209,12,03310,1
20210209,12,03311,1
20210209,13,02116,1
20210209,13,02129,1
20210209,13,02130,1
20210209,13,02139,3
20210209,13,02143,1
20210209,13,02171,3
20210209,13,02172,1
20210209,13,02179,2
20210209,13,02191,1
20210209,13,03311,1
20210209,14,02112,3
20210209,14,02130,1
20210209,14,02139,3
20210209,14,02148,1
20210209,14,02159,1
20210209,14,02171,2
20210209,14,02178,2
20210209,14,02179,2
20210209,14,02186,2
20210209,14,03311,1
20210209,15,02111,1
20210209,15,02112,1
20210209,15,02128,1
20210209,15,02130,2
20210209,15,02139,1
20210209,15,02171,2
20210209,15,02172,2
20210209,15,02185,2
20210209,15,02198,1
20210209,15,03310,3
20210209,16,02122,1
20210209,16,02130,1
20210209,16,02148,1
20210209,16,02171,5
20210209,16,02172,1
20210209,16,02179,1
20210209,16,02185,3
20210209,16,02191,1
20210209,16,03311,1
20210209,17,02111,4
20210209,17,02129,1
20210209,17,02148,1
20210209,17,02159,3
20210209,17,02171,4
20210209,17,02186,2
20210209,17,03310,1
20210209,18,02111,3
20210209,18,02116,1
20210209,18,02128,1
20210209,18,02139,2
20210209,18,02148,2
20210209,18,02159,1
20210209,18,02171,6
20210209,18,02179,1
20210209,18,02185,1
20210209,18,02186,1
20210209,18,02191,1
20210209,18,02198,2
20210209,18,02199,1
20210209,18,03311,1
20210209,19,02111,3
20210209,19,02122,1
20210209,19,02128,1
20210209,19,02129,1
20210209,19,02139,1
20210209,19,02171,2
20210209,19,02179,3
20210209,19,02186,1
20210209,19,02191,1
20210209,19,03311,1
20210209,2,02116,1
20210209,2,02143,1
20210209,2,02179,1
20210209,2,02198,1
20210209,20,02128,1
20210209,20,02148,1
20210209,20,02171,5
20210209,20,02185,1
20210209,20,02186,1
20210209,20,03311,1
20210209,21,02111,3
20210209,21,02112,3
20210209,21,02116,2
20210209,21,02122,1
20210209,21,02179,4
20210209,21,02198,1
20210209,21,03311,3
20210209,22,02112,3
20210209,22,02129,1
20210209,22,02130,1
20210209,22,02139,1
20210209,22,02148,1
20210209,22,02171,1
20210209,22,02172,1
20210209,22,02178,1
20210209,22,02179,1
20210209,22,02186,2
20210209,23,02112,1
20210209,23,02139,3
20210209,23,02179,1
20210209,3,02199,1
20210209,5,02116,1
20210209,5,02139,1
20210209,5,02185,1
20210209,5,02198,1
20210209,6,02186,1
20210209,7,02116,1
20210209,7,02128,1
20210209,7,02185,1
20210209,7,02191,2
20210209,7,03310,3
20210209,8,02112,1
20210209,8,02116,1
20210209,8,02128,1
20210209,8,02130,2
20210209,8,02148,1
20210209,8,02179,2
20210209,8,02186,2
20210209,8,02191,1
20210209,8,03310,3
20210209,9,02112,2
20210209,9,02139,1
20210209,9,02172,1
20210209,9,02179,1
20210209,9,02185,2
20210209,9,02186,1
20210209,9,03310,1
20210210,0,02112,1
20210210,0,02139,1
20210210,0,02171,2
20210210,0,03311,1
20210210,1,02171,1
20210210,10,02111,3
20210210,10,02129,1
20210210,10,02159,1
20210210,10,02171,2
20210210,10,02186,2
20210210,10,02198,1
20210210,10,03310,1
20210210,11,02112,1
20210210,11,02116,1
20210210,11,02128,1
20210210,11,02129,1
20210210,11,02179,2
20210210,11,02191,3
20210210,11,02198,1
20210210,12,02112,1
20210210,12,02116,1
20210210,12,02128,4
20210210,12,02129,1
20210210,12,02139,1
20210210,12,02148,1
20210210,12,02171,2
20210210,12,02178,1
20210210,12,02179,2
20210210,12,02185,1
20210210,12,02198,1
20210210,12,03310,1
20210210,13,02111,1
20210210,13,02116,1
20210210,13,02128,3
20210210,13,02139,1
20210210,13,02143,2
20210210,13,02171,1
20210210,13,02179,1
20210210,13,02186,1
20210210,13,03310,2
20210210,14,02111,2
20210210,14,02112,1
20210210,14,02116,2
20210210,14,02122,2
20210210,14,02128,2
20210210,14,02129,1
20210210,14,02159,2
20210210,14,02171,2
20210210,14,02172,1
20210210,14,02178,1
20210210,14,02179,1
20210210,14,02191,1
20210210,14,02198,1
20210210,14,03310,2
20210210,14,03311,4
20210210,15,02111,3
20210210,15,02112,2
20210210,15,02116,1
20210210,15,02122,1
20210210,15,02128,1
20210210,15,02129,2
20210210,15,02139,1
20210210,15,02143,4
20210210,15,02148,1
20210210,15,02171,5
20210210,15,02172,3
20210210,15,02179,3
20210210,15,02185,1
20210210,15,02191,1
20210210,15,03310,1
20210210,15,03311,1
20210210,16,02111,3
20210210,16,02112,1
20210210,16,02116,1
20210210,16,02139,2
20210210,16,02143,1
20210210,16,02148,1
20210210,16,02172,2
20210210,16,02179,1
20210210,16,02185,1
20210210,16,02186,3
20210210,16,02191,2
20210210,16,03310,3
20210210,16,03311,1
20210210,17,02116,1
20210210,17,02128,2
20210210,17,02148,2
20210210,17,02171,3
20210210,17,02172,3
20210210,17,02178,3
20210210,17,02179,2
20210210,17,02185,1
20210210,17,02191,1
20210210,17,02198,1
20210210,17,03311,4
20210210,18,02111,2
20210210,18,02112,1
20210210,18,02116,1
20210210,18,02122,1
20210210,18,02139,3
20210210,18,02143,1
20210210,18,02148,3
20210210,18,02171,5
20210210,18,02178,3
20210210,18,02179,2
20210210,18,02186,2
20210210,18,02198,1
20210210,18,02199,1
20210210,18,03310,2
20210210,18,03311,2
20210210,19,02112,4
20210210,19,02122,2
20210210,19,02128,2
20210210,19,02129,3
20210210,19,02139,2
20210210,19,02171,1
20210210,19,02178,2
20210210,19,02179,2
20210210,2,02171,1
20210210,2,02179,1
20210210,2,02185,1
20210210,2,02186,1
20210210,2,02198,1
20210210,20,02111,1
20210210,20,02116,1
20210210,20,02171,1
20210210,20,02191,3
20210210,20,02198,3
20210210,20,03310,1
20210210,21,02112,4
20210210,21,02116,3
20210210,21,02122,2
20210210,21,02128,3
20210210,21,02139,3
20210210,21,02148,1
20210210,21,02172,1
20210210,21,02178,1
20210210,21,02179,1
20210210,21,02185,2
20210210,21,02186,2
20210210,21,02191,2
20210210,22,02112,1
20210210,22,02116,1
20210210,22,02122,1
20210210,22,02128,1
20210210,22,02129,2
20210210,22,02148,1
20210210,22,02171,1
20210210,22,02178,1
20210210,22,02191,1
20210210,22,03310,1
20210210,23,02116,1
20210210,23,02122,2
20210210,23,02171,2
20210210,23,02179,1
20210210,23,02198,1
20210210,3,02186,1
20210210,3,02198,1
20210210,4,02128,1
20210210,4,03310,1
20210210,5,02112,1
20210210,5,02116,1
20210210,5,02198,1
20210210,6,02116,1
20210210,6,02129,1
20210210,6,02185,1
20210210,6,02191,1
20210210,7,02128,1
20210210,7,02139,1
20210210,7,02179,1
20210210,7,02186,1
20210210,7,02191,2
20210210,7,03310,1
20210210,8,02112,2
20210210,8,02128,1
20210210,8,02130,1
20210210,8,02148,2
20210210,8,02191,3
20210210,8,02198,1
20210210,8,03310,3
20210210,9,02116,1
20210210,9,02122,1
20210210,9,02128,1
20210210,9,02148,1
20210210,9,02159,1
20210210,9,02172,1
20210210,9,02179,2
20210210,9,02185,2
20210210,9,02191,1
20210210,9,03310,2
20210211,0,02128,2
20210211,0,02139,1
20210211,0,02159,1
20210211,0,02172,1
20210211,0,02185,2
20210211,0,02191,3
20210211,1,02171,1
20210211,1,02179,4
20210211,1,02186,1
20210211,1,02191,1
20210211,10,02111,1
20210211,10,02129,1
20210211,10,02139,1
20210211,10,02148,2
20210211,10,02171,1
20210211,10,02191,1
20210211,10,03310,2
20210211,11,02112,2
20210211,11,02129,1
20210211,11,02148,1
20210211,11,02159,2
20210211,11,02179,1
20210211,11,03310,1
20210211,12,02111,1
20210211,12,02112,1
20210211,12,02116,1
20210211,12,02122,2
20210211,12,02129,2
20210211,12,02139,1
20210211,12,02148,2
20210211,12,02159,1
20210211,12,02179,3
20210211,12,02185,1
20210211,12,02191,1
20210211,12,03310,1
20210211,13,02112,1
20210211,13,02116,1
20210211,13,02122,1
20210211,13,02128,2
20210211,13,02130,2
20210211,13,02139,3
20210211,13,02148,2
20210211,13,02171,1
20210211,13,02178,2
20210211,13,02179,2
20210211,13,02199,2
20210211,13,03311,1
20210211,14,02111,1
20210211,14,02116,2
20210211,14,02128,1
20210211,14,02139,3
20210211,14,02159,1
20210211,14,02171,1
20210211,14,02178,2
20210211,14,02179,1
20210211,14,02185,1
20210211,14,02198,1
20210211,14,03311,1
20210211,15,02111,1
20210211,15,02112,1
20210211,15,02116,1
20210211,15,02139,3
20210211,15,02143,1
20210211,15,02148,2
20210211,15,02159,2
20210211,15,02171,2
20210211,15,02178,1
20210211,15,02179,1
20210211,15,02185,4
20210211,16,02111,1
20210211,16,02112,2
20210211,16,02122,2
20210211,16,02128,4
20210211,16,02139,4
20210211,16,02159,1
20210211,16,02171,5
20210211,16,02172,1
20210211,16,02178,1
20210211,16,02179,2
20210211,16,02186,1
20210211,16,02198,1
20210211,17,02116,2
20210211,17,02122,2
20210211,17,02129,2
20210211,17,02139,1
20210211,17,02143,1
20210211,17,02148,1
20210211,17,02159,1
20210211,17,02171,1
20210211,17,02178,1
20210211,17,02185,1
20210211,17,02186,1
20210211,17,02191,1
20210211,17,02198,1
20210211,17,03311,1
20210211,18,02111,1
20210211,18,02112,3
20210211,18,02139,1
20210211,18,02143,1
20210211,18,02148,1
20210211,18,02159,2
20210211,18,02185,1
20210211,18,02186,1
20210211,18,02198,1
20210211,18,03311,2
20210211,19,02111,1
20210211,19,02116,1
20210211,19,02122,1
20210211,19,02129,1
20210211,19,02148,1
20210211,19,02159,1
20210211,19,02171,2
20210211,19,02191,2
20210211,19,03311,1
20210211,2,02129,1
20210211,20,02111,2
20210211,20,02116,2
20210211,20,02122,1
20210211,20,02128,1
20210211,20,02129,1
20210211,20,02139,3
20210211,20,02148,1
20210211,20,02179,3
20210211,20,02185,2
20210211,20,02186,1
20210211,20,02198,1
20210211,20,03311,1
20210211,21,02112,3
20210211,21,02122,2
20210211,21,02128,1
20210211,21,02139,4
20210211,21,02179,1
20210211,21,02185,1
20210211,21,02186,1
20210211,21,02199,1
20210211,22,02128,1
20210211,22,02143,2
20210211,22,02159,1
20210211,22,02171,1
20210211,22,02185,2
20210211,22,02186,1
20210211,22,02198,1
20210211,23,02172,2
20210211,23,02178,1
20210211,23,02185,1
20210211,3,02171,1
20210211,4,02148,1
20210211,5,02112,1
20210211,5,02139,1
20210211,5,02171,1
20210211,5,02186,1
20210211,5,02191,1
20210211,5,02198,1
20210211,6,02112,1
20210211,6,02191,1
20210211,7,02116,1
20210211,7,02128,1
20210211,7,02171,1
20210211,7,02186,1
20210211,8,02112,1
20210211,8,02116,1
20210211,8,02129,1
20210211,8,02171,1
20210211,8,02191,1
20210211,8,02198,1
20210211,9,02112,3
20210211,9,02128,1
20210211,9,02129,2
20210211,9,02171,1
20210211,9,02172,1
20210211,9,02179,1
20210211,9,02185,1
20210211,9,03310,2
20210212,0,02116,1
20210212,0,02129,1
20210212,0,02179,1
20210212,1,02122,1
20210212,1,02139,1
20210212,1,02179,2
20210212,10,02159,1
20210212,10,02179,1
20210212,10,02185,1
20210212,10,02186,1
20210212,10,02191,1
20210212,11,02111,1
20210212,11,02122,1
20210212,11,02159,1
20210212,11,02171,1
20210212,11,02179,1
20210212,11,02186,2
20210212,12,02112,1
20210212,12,02129,1
20210212,12,02139,2
20210212,12,02143,1
20210212,12,02179,3
20210212,12,02185,1
20210212,12,02186,1
20210212,13,02112,1
20210212,13,02116,1
20210212,13,02122,2
20210212,13,02130,3
20210212,13,02139,1
20210212,13,02159,3
20210212,13,02171,1
20210212,13,02179,2
20210212,13,02185,1
20210212,14,02122,2
20210212,14,02139,2
20210212,14,02148,1
20210212,14,02159,4
20210212,14,02171,1
20210212,14,02172,1
20210212,14,02185,3
20210212,14,02186,1
20210212,14,02191,3
20210212,14,02199,1
20210212,15,02111,2
20210212,15,02112,4
20210212,15,02122,2
20210212,15,02128,1
20210212,15,02148,1
20210212,15,02159,1
20210212,15,02171,1
20210212,15,02172,1
20210212,15,02179,2
20210212,15,02186,1
20210212,15,02198,1
20210212,16,02111,3
20210212,16,02112,3
20210212,16,02122,3
20210212,16,02130,1
20210212,16,02139,1
20210212,16,02143,2
20210212,16,02171,1
20210212,16,02179,1
20210212,16,02185,5
20210212,16,02186,1
20210212,16,02191,1
20210212,16,02198,2
20210212,16,03311,1
20210212,17,02111,3
20210212,17,02116,5
20210212,17,02122,2
20210212,17,02128,1
20210212,17,02129,2
20210212,17,02148,1
20210212,17,02171,1
20210212,17,02172,2
20210212,17,02179,1
20210212,17,02199,1
20210212,18,02111,2
20210212,18,02116,2
20210212,18,02122,2
20210212,18,02128,1
20210212,18,02129,2
20210212,18,02139,1
20210212,18,02148,1
20210212,18,02171,2
20210212,18,02172,1
20210212,18,02178,1
20210212,18,02179,1
20210212,18,02185,1
20210212,18,02186,1
20210212,18,02198,2
20210212,18,02199,1
20210212,19,02111,2
20210212,19,02112,2
20210212,19,02116,1
20210212,19,02139,2
20210212,19,02148,1
20210212,19,02171,1
20210212,19,02172,1
20210212,19,02186,1
20210212,19,02191,1
20210212,19,02198,1
20210212,19,03310,1
20210212,19,03311,1
20210212,2,02128,1
20210212,20,02111,1
20210212,20,02116,1
20210212,20,02122,1
20210212,20,02171,2
20210212,20,02172,4
20210212,20,02186,1
20210212,20,02191,1
20210212,21,02111,1
20210212,21,02112,4
20210212,21,02116,2
20210212,21,02128,2
20210212,21,02129,1
20210212,21,02148,1
20210212,21,02171,3
20210212,21,02179,2
20210212,21,02185,2
20210212,21,03311,1
20210212,22,02111,2
20210212,22,02112,1
20210212,22,02122,1
20210212,22,02139,1
20210212,22,02143,1
20210212,22,02148,1
20210212,22,02159,1
20210212,22,02171,2
20210212,22,02172,1
20210212,22,02179,1
20210212,22,02191,1
20210212,23,02111,2
20210212,23,02116,2
20210212,23,02129,1
20210212,23,02139,1
20210212,23,02171,2
20210212,23,02185,1
20210212,23,02191,2
20210212,23,02199,1
20210212,3,02185,1
20210212,4,02111,1
20210212,4,02179,1
20210212,5,02198,1
20210212,6,02139,2
20210212,8,02129,1
20210212,8,02130,1
20210212,8,02179,1
20210212,9,02159,1
20210212,9,02179,1
20210212,9,02191,1
20210213,0,02171,1
20210213,0,02179,1
20210213,0,02198,1
20210213,1,02139,1
20210213,1,02179,1
20210213,1,03311,1
20210213,10,02111,2
20210213,10,02116,2
20210213,10,02179,2
20210213,10,02185,1
20210213,10,02191,1
20210213,10,02198,1
20210213,10,03311,1
20210213,11,02122,1
20210213,11,02128,1
20210213,11,02129,1
20210213,11,02139,1
20210213,11,02148,2
20210213,11,02171,1
20210213,11,02179,2
20210213,11,02185,1
20210213,11,02198,1
20210213,12,02112,1
20210213,12,02116,3
20210213,12,02148,3
20210213,12,02172,1
20210213,12,02178,1
20210213,12,02179,3
20210213,12,02191,2
20210213,12,03311,1
20210213,12,03802,1
20210213,13,02111,3
20210213,13,02116,6
20210213,13,02122,6
20210213,13,02130,3
20210213,13,02139,3
20210213,13,02143,1
20210213,13,02172,3
20210213,13,02179,1
20210213,13,02186,2
20210213,13,02191,2
20210213,14,02111,6
20210213,14,02122,1
20210213,14,02128,2
20210213,14,02129,1
20210213,14,02130,6
20210213,14,02139,2
20210213,14,02148,1
20210213,14,02159,1
20210213,14,02172,5
20210213,14,02179,2
20210213,14,02191,2
20210213,14,02199,1
20210213,14,03311,2
20210213,15,02111,2
20210213,15,02112,2
20210213,15,02116,1
20210213,15,02122,1
20210213,15,02128,2
20210213,15,02129,1
20210213,15,02130,9
20210213,15,02139,2
20210213,15,02148,2
20210213,15,02159,1
20210213,15,02171,1
20210213,15,02172,3
20210213,15,02179,4
20210213,15,02185,1
20210213,15,02191,4
20210213,15,02198,1
20210213,15,03311,2
20210213,16,02111,1
20210213,16,02116,1
20210213,16,02122,5
20210213,16,02129,1
20210213,16,02130,5
20210213,16,02148,2
20210213,16,02159,3
20210213,16,02171,2
20210213,16,02185,1
20210213,16,02198,2
20210213,16,02199,1
20210213,17,02111,1
20210213,17,02116,4
20210213,17,02122,2
20210213,17,02130,1
20210213,17,02159,1
20210213,17,02171,3
20210213,17,02179,1
20210213,17,02185,4
20210213,17,02191,1
20210213,17,02198,1
20210213,17,02199,1
20210213,18,02116,4
20210213,18,02122,1
20210213,18,02128,2
20210213,18,02130,3
20210213,18,02139,1
20210213,18,02159,1
20210213,18,02171,1
20210213,18,02179,2
20210213,18,02186,2
20210213,19,02112,1
20210213,19,02116,1
20210213,19,02128,1
20210213,19,02139,1
20210213,19,02159,1
20210213,19,02172,4
20210213,19,02179,1
20210213,19,02185,2
20210213,19,02191,2
20210213,19,03310,1
20210213,2,02128,1
20210213,20,02111,1
20210213,20,02112,3
20210213,20,02116,1
20210213,20,02128,1
20210213,20,02148,1
20210213,20,02171,1
20210213,20,02179,1
20210213,20,02191,1
20210213,20,02198,2
20210213,20,03311,1
20210213,21,02111,1
20210213,21,02112,1
20210213,21,02116,1
20210213,21,02122,1
20210213,21,02128,1
20210213,21,02148,2
20210213,21,02171,3
20210213,21,02178,2
20210213,21,02179,2
20210213,21,02186,1
20210213,22,02111,1
20210213,22,02116,1
20210213,22,02122,1
20210213,22,02159,3
20210213,22,02171,1
20210213,22,02179,3
20210213,22,02185,1
20210213,22,02191,1
20210213,22,02198,2
20210213,23,02112,2
20210213,23,02116,1
20210213,23,02178,3
20210213,23,02179,1
20210213,23,02185,1
20210213,23,02198,2
20210213,3,02122,1
20210213,4,02198,1
20210213,5,02185,1
20210213,6,02139,1
20210213,7,02116,1
20210213,8,02122,1
20210213,9,02139,1
20210213,9,02143,1
20210213,9,02171,1
20210213,9,02179,1
20210213,9,02186,1
20210213,9,02191,2
20210214,0,02112,2
20210214,0,02116,1
20210214,0,02129,1
20210214,0,02139,1
20210214,0,02191,1
20210214,0,03310,1
20210214,0,03311,2
20210214,1,02185,1
20210214,1,02186,1
20210214,10,02112,1
20210214,10,02116,1
20210214,10,02122,1
20210214,10,02130,1
20210214,10,02139,1
20210214,10,02172,2
20210214,10,02185,1
20210214,10,02191,1
20210214,11,02111,3
20210214,11,02112,1
20210214,11,02116,2
20210214,11,02128,1
20210214,11,02129,1
20210214,11,02139,1
20210214,11,02159,1
20210214,11,02171,6
20210214,11,02172,1
20210214,11,02179,3
20210214,11,03310,1
20210214,11,03311,2
20210214,12,02112,1
20210214,12,02116,3
20210214,12,02159,2
20210214,12,02171,2
20210214,12,02172,6
20210214,12,02178,3
20210214,12,02179,2
20210214,12,02191,1
20210214,12,02199,1
20210214,12,03802,1
20210214,13,02111,3
20210214,13,02112,1
20210214,13,02116,1
20210214,13,02122,2
20210214,13,02129,2
20210214,13,02130,2
20210214,13,02139,1
20210214,13,02143,2
20210214,13,02171,3
20210214,13,02179,2
20210214,13,02185,1
20210214,13,02191,2
20210214,13,02198,1
20210214,14,02111,3
20210214,14,02112,1
20210214,14,02116,2
20210214,14,02128,2
20210214,14,02129,1
20210214,14,02143,4
20210214,14,02148,1
20210214,14,02171,9
20210214,14,02172,1
20210214,14,02179,3
20210214,14,02185,1
20210214,14,02186,2
20210214,14,02191,1
20210214,14,02198,2
20210214,14,03311,1
20210214,15,02111,1
20210214,15,02112,1
20210214,15,02116,1
20210214,15,02128,1
20210214,15,02129,1
20210214,15,02143,1
20210214,15,02148,1
20210214,15,02159,1
20210214,15,02171,2
20210214,15,02172,3
20210214,15,02178,2
20210214,15,02179,3
20210214,15,02185,2
20210214,15,02191,1
20210214,15,03311,1
20210214,16,02111,3
20210214,16,02116,2
20210214,16,02122,5
20210214,16,02128,1
20210214,16,02130,3
20210214,16,02139,1
20210214,16,02148,1
20210214,16,02171,1
20210214,16,02172,2
20210214,16,02178,2
20210214,16,02179,6
20210214,16,02198,2
20210214,16,02199,1
20210214,16,03310,3
20210214,17,02116,2
20210214,17,02122,1
20210214,17,02128,4
20210214,17,02130,1
20210214,17,02139,2
20210214,17,02143,1
20210214,17,02148,2
20210214,17,02172,2
20210214,17,02178,1
20210214,17,02179,1
20210214,17,02199,2
20210214,17,03310,1
20210214,17,03311,1
20210214,18,02116,5
20210214,18,02128,3
20210214,18,02139,1
20210214,18,02148,2
20210214,18,02171,1
20210214,18,02178,1
20210214,18,02179,2
20210214,18,02198,1
20210214,18,03311,2
20210214,19,02111,2
20210214,19,02112,1
20210214,19,02116,1
20210214,19,02128,1
20210214,19,02148,2
20210214,19,02171,2
20210214,19,02178,1
20210214,19,02179,1
20210214,19,02191,1
20210214,2,02112,1
20210214,2,02122,1
20210214,2,02179,1
20210214,20,02116,2
20210214,20,02148,1
20210214,20,02159,1
20210214,20,02171,1
20210214,20,02179,3
20210214,20,02185,1
20210214,20,02191,1
20210214,20,03311,4
20210214,21,02111,4
20210214,21,02112,4
20210214,21,02116,2
20210214,21,02129,1
20210214,21,02139,1
20210214,21,02171,3
20210214,21,02179,1
20210214,21,02185,1
20210214,21,02186,2
20210214,21,02191,3
20210214,21,03311,1
20210214,22,02116,1
20210214,22,02143,1
20210214,22,02171,1
20210214,22,02198,1
20210214,23,02128,1
20210214,23,02139,1
20210214,23,02171,1
20210214,23,02178,1
20210214,23,02185,2
20210214,23,03310,1
20210214,3,02116,1
20210214,4,02112,1
20210214,4,02171,1
20210214,4,02185,1
20210214,4,02191,1
20210214,6,02191,1
20210214,7,02111,1
20210214,7,02139,2
20210214,7,02199,1
20210214,8,02122,1
20210214,8,02129,1
20210214,8,02179,1
20210214,8,02191,1
20210214,9,02116,1
20210214,9,02122,1
20210215,0,02112,2
20210215,0,02116,1
20210215,0,02128,1
20210215,0,02129,1
20210215,0,02171,2
20210215,1,02139,3
20210215,10,02112,1
20210215,10,02122,1
20210215,10,02139,4
20210215,10,02171,1
20210215,10,03310,2
20210215,11,02116,1
20210215,11,02128,1
20210215,11,02172,1
20210215,11,02178,1
20210215,11,02185,1
20210215,11,02186,2
20210215,11,02191,1
20210215,11,02199,1
20210215,11,03310,1
20210215,12,02111,2
20210215,12,02112,1
20210215,12,02116,1
20210215,12,02128,1
20210215,12,02130,1
20210215,12,02171,3
20210215,12,02178,1
20210215,12,02179,1
20210215,12,02186,2
20210215,12,02191,1
20210215,12,02198,1
20210215,12,03311,1
20210215,13,02111,1
20210215,13,02112,3
20210215,13,02159,1
20210215,13,02171,1
20210215,13,02178,1
20210215,13,02179,1
20210215,13,02191,2
20210215,13,02198,2
20210215,13,03310,2
20210215,13,03311,1
20210215,14,02116,2
20210215,14,02128,2
20210215,14,02129,1
20210215,14,02130,1
20210215,14,02143,1
20210215,14,02159,1
20210215,14,02178,1
20210215,14,02191,1
20210215,14,03311,1
20210215,15,02111,1
20210215,15,02112,2
20210215,15,02128,1
20210215,15,02129,1
20210215,15,02139,1
20210215,15,02143,1
20210215,15,02171,5
20210215,15,02172,1
20210215,15,02179,1
20210215,15,02185,1
20210215,15,02199,1
20210215,15,03310,2
20210215,16,02116,1
20210215,16,02139,1
20210215,16,02171,1
20210215,16,02178,2
20210215,16,02179,2
20210215,16,02198,1
20210215,16,03310,1
20210215,16,03311,1
20210215,17,02111,1
20210215,17,02128,2
20210215,17,02130,1
20210215,17,02143,1
20210215,17,02148,2
20210215,17,02159,1
20210215,17,02171,2
20210215,17,02179,2
20210215,17,02185,1
20210215,17,02191,1
20210215,17,02198,1
20210215,17,03311,1
20210215,18,02111,4
20210215,18,02112,2
20210215,18,02122,3
20210215,18,02128,1
20210215,18,02130,1
20210215,18,02139,1
20210215,18,02171,1
20210215,18,02178,3
20210215,18,02179,2
20210215,18,02185,1
20210215,18,02186,2
20210215,18,02198,1
20210215,18,03311,1
20210215,19,02111,1
20210215,19,02122,2
20210215,19,02128,3
20210215,19,02129,1
20210215,19,02139,1
20210215,19,02171,6
20210215,19,02178,1
20210215,19,02179,3
20210215,19,02186,1
20210215,19,03310,1
20210215,19,03311,2
20210215,2,02112,2
20210215,2,02122,2
20210215,2,02139,1
20210215,2,02185,1
20210215,20,02111,1
20210215,20,02122,1
20210215,20,02128,1
20210215,20,02178,1
20210215,20,02179,1
20210215,20,02191,1
20210215,20,02199,2
20210215,20,03311,2
20210215,21,02116,2
20210215,21,02122,1
20210215,21,02128,2
20210215,21,02159,1
20210215,21,02171,1
20210215,21,02178,1
20210215,21,02179,1
20210215,21,02186,1
20210215,21,02191,2
20210215,21,03311,3
20210215,22,02111,2
20210215,22,02112,3
20210215,22,02122,1
20210215,22,02171,1
20210215,22,02179,1
20210215,22,02199,1
20210215,23,02129,1
20210215,23,02179,1
20210215,5,02129,1
20210215,5,02198,1
20210215,7,02111,1
20210215,7,02191,1
20210215,7,03310,1
20210215,8,02130,1
20210215,8,02139,1
20210215,8,02148,4
20210215,8,02178,1
20210215,8,02191,2
20210215,8,03310,2
20210215,9,02139,1
20210215,9,02171,1
20210215,9,02179,1
20210215,9,02186,1
20210216,0,02111,1
20210216,0,02171,2
20210216,0,02185,2
20210216,0,02198,1
20210216,1,02111,1
20210216,1,02112,1
20210216,1,02171,1
20210216,10,02111,2
20210216,10,02129,2
20210216,10,02139,1
20210216,10,02148,1
20210216,10,02159,1
20210216,11,02191,1
20210216,11,03310,2
20210216,12,02128,2
20210216,12,02171,1
20210216,12,02199,1
20210216,12,03310,1
20210216,14,02111,1
20210216,14,02128,1
20210216,14,02129,2
20210216,14,02159,1
20210216,14,02171,1
20210216,14,02179,1
20210216,14,02191,1
20210216,14,03311,1
20210216,15,02111,1
20210216,15,02139,4
20210216,15,02159,1
20210216,15,02171,2
20210216,15,02179,1
20210216,15,02185,1
20210216,15,02199,1
20210216,16,02111,1
20210216,16,02112,1
20210216,16,02171,1
20210216,16,02179,1
20210216,17,02111,2
20210216,17,02112,1
20210216,17,02148,1
20210216,17,02171,2
20210216,17,02179,1
20210216,17,02185,1
20210216,17,02186,1
20210216,17,02198,2
20210216,17,03311,1
20210216,18,02111,2
20210216,18,02112,1
20210216,18,02122,1
20210216,18,02129,1
20210216,18,02139,1
20210216,18,02148,1
20210216,18,02171,1
20210216,18,02191,1
20210216,18,03310,1
20210216,19,02111,1
20210216,19,02122,1
20210216,19,02139,1
20210216,19,02171,1
20210216,19,02179,3
20210216,2,02129,1
20210216,20,02122,1
20210216,20,02128,1
20210216,20,02171,1
20210216,20,02172,1
20210216,20,02179,1
20210216,20,02186,1
20210216,20,02198,1
20210216,21,02112,2
20210216,21,02116,3
20210216,21,02179,1
20210216,21,02186,1
20210216,21,02198,1
20210216,22,02116,1
20210216,22,02148,1
20210216,22,02171,1
20210216,22,02179,1
20210216,23,02122,1
20210216,23,02128,1
20210216,23,02143,1
20210216,3,02129,1
20210216,3,02179,1
20210216,4,02191,1
20210216,6,02129,1
20210216,6,02139,2
20210216,6,02185,2
20210216,6,02186,1
20210216,7,02128,1
20210216,7,02159,1
20210216,7,02185,1
20210216,7,02191,1
20210216,7,03310,1
20210216,8,02112,2
20210216,8,02128,1
20210216,8,02148,1
20210216,8,02159,1
20210216,8,02185,1
20210216,8,02186,1
20210216,8,02199,1
20210216,8,03310,3
20210216,9,02111,1
20210216,9,02143,2
20210216,9,02171,2
20210216,9,02185,1
20210217,0,02128,1
20210217,0,02171,1
20210217,1,03310,1
20210217,10,02179,1
20210217,10,02185,1
20210217,11,02179,2
20210217,11,02191,1
20210217,11,03310,1
20210217,12,02112,1
20210217,12,02128,2
20210217,12,02148,1
20210217,12,02171,2
20210217,12,02178,1
20210217,12,02179,3
20210217,12,02186,2
20210217,13,02111,2
20210217,13,02116,2
20210217,13,02122,2
20210217,13,02128,1
20210217,13,02171,1
20210217,13,02172,1
20210217,13,02179,1
20210217,13,02186,1
20210217,13,02199,1
20210217,13,03311,1
20210217,14,02171,2
20210217,14,02179,1
20210217,14,02191,1
20210217,15,02111,1
20210217,15,02128,1
20210217,15,02129,1
20210217,15,02148,1
20210217,15,02171,2
20210217,15,02178,1
20210217,15,03310,1
20210217,16,02112,1
20210217,16,02179,2
20210217,16,02185,1
20210217,16,02191,1
20210217,16,02199,1
20210217,17,02116,1
20210217,17,02128,1
20210217,17,02129,3
20210217,17,02148,1
20210217,17,02159,1
20210217,17,02178,1
20210217,17,02179,1
20210217,17,02186,1
20210217,18,02111,2
20210217,18,02129,1
20210217,18,02148,1
20210217,18,02178,1
20210217,18,02185,1
20210217,18,02191,1
20210217,18,03311,1
20210217,19,02116,1
20210217,19,02129,1
20210217,19,02148,1
20210217,19,02179,1
20210217,19,02185,2
20210217,19,02186,2
20210217,2,02112,1
20210217,2,02129,1
20210217,2,02139,1
20210217,2,02179,1
20210217,20,02128,1
20210217,20,02148,1
20210217,20,02171,3
20210217,20,02186,1
20210217,21,02111,1
20210217,21,02122,1
20210217,21,02128,1
20210217,21,02179,1
20210217,21,02198,1
20210217,21,03311,2
20210217,22,02111,1
20210217,22,02122,2
20210217,22,02128,1
20210217,22,02171,2
20210217,22,02179,3
20210217,22,02185,1
20210217,22,02191,1
20210217,22,02199,1
20210217,23,02112,1
20210217,23,02128,2
20210217,23,02179,2
20210217,23,02185,1
20210217,5,02199,1
20210217,6,02139,1
20210217,7,02128,1
20210217,7,02143,1
20210217,7,02191,1
20210217,7,03311,1
20210217,8,02148,1
20210217,8,02159,1
20210217,8,02191,1
20210217,8,03310,3
20210217,8,03311,1
20210217,9,02148,1
20210217,9,02185,1
20210217,9,02191,1
20210217,9,03310,2
20210218,0,02116,1
20210218,0,02128,1
20210218,0,02178,1
20210218,1,02148,1
20210218,1,03311,1
20210218,10,02112,2
20210218,10,02148,1
20210218,10,02179,1
20210218,10,02186,1
20210218,10,03310,1
20210218,11,02116,1
20210218,11,02130,1
20210218,11,02139,1
20210218,11,02159,1
20210218,11,02185,1
20210218,11,02186,1
20210218,11,03310,1
20210218,12,02116,1
20210218,12,02122,1
20210218,12,02128,1
20210218,12,02129,1
20210218,12,02148,1
20210218,12,02159,1
20210218,12,02178,1
20210218,12,02179,1
20210218,12,02185,1
20210218,12,02191,1
20210218,12,03310,1
20210218,13,02128,1
20210218,13,02129,3
20210218,13,02171,1
20210218,13,02191,2
20210218,14,02112,1
20210218,14,02116,1
20210218,14,02128,1
20210218,14,02129,3
20210218,14,02148,1
20210218,14,02191,1
20210218,15,02111,1
20210218,15,02116,1
20210218,15,02129,1
20210218,15,02159,1
20210218,15,02171,1
20210218,15,02172,2
20210218,15,02179,2
20210218,15,02185,1
20210218,15,02191,1
20210218,15,03310,1
20210218,16,02128,1
20210218,16,02139,1
20210218,16,02171,6
20210218,16,02172,1
20210218,16,02179,2
20210218,16,02191,3
20210218,16,03310,1
20210218,17,02122,2
20210218,17,02143,1
20210218,17,02148,2
20210218,17,02171,2
20210218,17,02185,1
20210218,17,02186,1
20210218,17,02191,1
20210218,17,02199,1
20210218,17,03311,3
20210218,18,02111,1
20210218,18,02112,1
20210218,18,02122,3
20210218,18,02129,1
20210218,18,02139,1
20210218,18,02159,2
20210218,18,02171,3
20210218,18,02178,2
20210218,18,02179,1
20210218,18,02185,1
20210218,18,02191,2
20210218,18,02198,1
20210218,18,03310,2
20210218,18,03311,2
20210218,19,02111,3
20210218,19,02112,1
20210218,19,02128,1
20210218,19,02139,1
20210218,19,02148,1
20210218,19,02171,2
20210218,19,02178,2
20210218,19,02179,3
20210218,19,02198,2
20210218,19,03310,3
20210218,19,03311,1
20210218,2,02148,1
20210218,20,02112,1
20210218,20,02128,3
20210218,20,02143,1
20210218,20,02171,1
20210218,20,02178,1
20210218,20,02179,1
20210218,20,02198,1
20210218,20,03311,1
20210218,21,02112,2
20210218,21,02116,1
20210218,21,02122,1
20210218,21,02128,3
20210218,21,02171,1
20210218,21,02179,2
20210218,21,02185,2
20210218,21,02186,2
20210218,22,02111,1
20210218,22,02112,2
20210218,22,02116,1
20210218,22,02122,3
20210218,22,02171,3
20210218,22,02179,2
20210218,22,02198,1
20210218,23,02116,1
20210218,23,02122,1
20210218,23,02129,1
20210218,23,02130,1
20210218,23,02143,1
20210218,23,02159,1
20210218,23,02178,1
20210218,23,02179,2
20210218,23,02186,1
20210218,23,03311,1
20210218,3,02122,1
20210218,5,02198,1
20210218,6,02129,1
20210218,6,02185,1
20210218,6,02186,1
20210218,7,02159,1
20210218,7,02185,1
20210218,7,02191,1
20210218,8,02112,1
20210218,8,02122,1
20210218,8,02128,2
20210218,8,02148,1
20210218,8,02179,1
20210218,8,02186,1
20210218,8,03310,1
20210218,9,02139,1
20210218,9,02178,1
20210218,9,02199,1
20210218,9,03310,1
20210219,0,02112,2
20210219,0,02171,2
20210219,0,02178,3
20210219,0,02191,1
20210219,0,03310,1
20210219,1,02179,1
20210219,1,02185,1
20210219,1,02199,1
20210219,10,02112,1
20210219,10,02122,1
20210219,10,02148,1
20210219,10,02159,1
20210219,10,02171,5
20210219,10,02179,1
20210219,10,02185,1
20210219,10,02198,3
20210219,10,02199,1
20210219,11,02111,1
20210219,11,02122,1
20210219,11,02129,1
20210219,11,02139,1
20210219,11,02172,1
20210219,11,02178,2
20210219,11,02179,1
20210219,11,02185,2
20210219,12,02112,1
20210219,12,02116,2
20210219,12,02139,1
20210219,12,02159,1
20210219,12,02171,2
20210219,12,02172,1
20210219,12,02178,1
20210219,12,02179,2
20210219,12,02185,4
20210219,12,03311,2
20210219,13,02112,1
20210219,13,02128,1
20210219,13,02129,1
20210219,13,02143,1
20210219,13,02148,3
20210219,13,02172,1
20210219,13,02179,2
20210219,13,02185,1
20210219,13,02191,1
20210219,13,02198,1
20210219,13,03310,1
20210219,14,02112,2
20210219,14,02130,1
20210219,14,02139,2
20210219,14,02143,1
20210219,14,02171,2
20210219,14,02172,1
20210219,14,02179,2
20210219,14,02191,2
20210219,14,02198,3
20210219,14,03310,2
20210219,15,02112,1
20210219,15,02116,2
20210219,15,02128,3
20210219,15,02129,1
20210219,15,02130,1
20210219,15,02139,1
20210219,15,02171,1
20210219,15,02172,1
20210219,15,02178,2
20210219,15,02179,2
20210219,15,02186,1
20210219,15,02191,2
20210219,15,02199,1
20210219,15,03311,1
20210219,16,02111,3
20210219,16,02112,2
20210219,16,02116,1
20210219,16,02130,2
20210219,16,02139,5
20210219,16,02143,1
20210219,16,02148,1
20210219,16,02159,1
20210219,16,02171,3
20210219,16,03310,1
20210219,16,03311,1
20210219,17,02112,1
20210219,17,02116,1
20210219,17,02122,3
20210219,17,02129,2
20210219,17,02139,1
20210219,17,02171,4
20210219,17,02178,1
20210219,17,02179,1
20210219,17,02185,1
20210219,17,02186,1
20210219,17,03311,1
20210219,18,02112,1
20210219,18,02116,2
20210219,18,02122,1
20210219,18,02128,3
20210219,18,02129,3
20210219,18,02130,1
20210219,18,02139,1
20210219,18,02148,1
20210219,18,02171,8
20210219,18,02172,1
20210219,18,02178,3
20210219,18,02179,2
20210219,18,02185,1
20210219,18,02186,1
20210219,18,02191,1
20210219,18,03310,1
20210219,18,03311,1
20210219,19,02111,1
20210219,19,02112,1
20210219,19,02122,1
20210219,19,02129,1
20210219,19,02139,3
20210219,19,02159,2
20210219,19,02171,3
20210219,19,02178,1
20210219,19,02191,1
20210219,2,02171,1
20210219,20,02111,2
20210219,20,02128,1
20210219,20,02129,1
20210219,20,02139,2
20210219,20,02143,2
20210219,20,02159,1
20210219,20,02171,5
20210219,20,02172,1
20210219,20,02179,1
20210219,20,02186,1
20210219,20,02198,1
20210219,20,03311,1
20210219,21,02111,1
20210219,21,02112,1
20210219,21,02116,3
20210219,21,02122,3
20210219,21,02128,1
20210219,21,02148,1
20210219,21,02171,1
20210219,21,02178,1
20210219,21,02179,2
20210219,21,02185,1
20210219,21,03310,1
20210219,22,02111,4
20210219,22,02112,2
20210219,22,02122,1
20210219,22,02139,1
20210219,22,02148,1
20210219,22,02171,2
20210219,22,02178,1
20210219,22,02179,2
20210219,22,02186,2
20210219,22,02191,1
20210219,22,02199,1
20210219,22,03311,2
20210219,23,02111,3
20210219,23,02116,2
20210219,23,02122,1
20210219,23,02172,2
20210219,23,02179,3
20210219,23,02198,1
20210219,23,03310,1
20210219,23,03311,1
20210219,3,02139,1
20210219,3,02178,1
20210219,4,02116,1
20210219,4,02171,1
20210219,5,02198,1
20210219,6,02112,1
20210219,6,02186,1
20210219,7,02111,1
20210219,7,02116,1
20210219,7,02191,2
20210219,7,03311,1
20210219,8,02111,1
20210219,8,02112,1
20210219,8,02116,1
20210219,8,02128,1
20210219,8,02129,1
20210219,8,02159,2
20210219,8,02179,2
20210219,8,02185,1
20210219,8,02186,2
20210219,8,02191,3
20210219,8,02199,1
20210219,9,02139,1
20210219,9,02143,1
20210219,9,02171,1
20210219,9,02179,3
20210219,9,02185,3
20210219,9,02198,1
20210219,9,03310,1
20210220,0,02122,1
20210220,0,02129,2
20210220,0,02143,1
20210220,0,02171,2
20210220,0,02172,1
20210220,0,02179,2
20210220,0,02186,1
20210220,1,02111,1
20210220,1,02116,2
20210220,1,02122,1
20210220,1,02129,1
20210220,1,02159,1
20210220,1,02171,2
20210220,1,02179,1
20210220,1,02185,1
20210220,1,02186,1
20210220,1,02198,2
20210220,10,02116,1
20210220,10,02122,2
20210220,10,02128,2
20210220,10,02139,1
20210220,10,02148,3
20210220,10,02171,3
20210220,10,02179,1
20210220,10,02186,1
20210220,10,02198,2
20210220,10,03310,1
20210220,11,02111,1
20210220,11,02112,2
20210220,11,02122,1
20210220,11,02128,2
20210220,11,02139,2
20210220,11,02178,1
20210220,11,02179,5
20210220,11,02185,2
20210220,11,02198,1
20210220,11,03310,3
20210220,11,03311,4
20210220,12,02111,3
20210220,12,02112,2
20210220,12,02128,1
20210220,12,02129,3
20210220,12,02130,1
20210220,12,02139,2
20210220,12,02143,1
20210220,12,02148,4
20210220,12,02159,1
20210220,12,02171,2
20210220,12,02185,2
20210220,12,02186,5
20210220,12,02191,2
20210220,12,02198,1
20210220,12,03310,1
20210220,12,03311,1
20210220,13,02111,2
20210220,13,02116,3
20210220,13,02122,2
20210220,13,02128,3
20210220,13,02130,2
20210220,13,02139,1
20210220,13,02143,1
20210220,13,02148,2
20210220,13,02159,1
20210220,13,02171,2
20210220,13,02172,2
20210220,13,02178,2
20210220,13,02179,3
20210220,13,02186,2
20210220,13,02198,1
20210220,13,02199,1
20210220,13,03311,2
20210220,13,03802,1
20210220,14,02111,3
20210220,14,02116,2
20210220,14,02122,3
20210220,14,02128,1
20210220,14,02129,1
20210220,14,02130,6
20210220,14,02148,2
20210220,14,02159,4
20210220,14,02171,6
20210220,14,02172,5
20210220,14,02178,2
20210220,14,02179,2
20210220,14,02185,3
20210220,14,02186,1
20210220,14,02198,2
20210220,14,03310,1
20210220,14,03311,2
20210220,14,03802,1
20210220,15,02111,3
20210220,15,02112,1
20210220,15,02116,3
20210220,15,02128,1
20210220,15,02130,3
20210220,15,02139,3
20210220,15,02143,3
20210220,15,02148,1
20210220,15,02159,1
20210220,15,02171,4
20210220,15,02172,6
20210220,15,02179,2
20210220,15,02185,4
20210220,15,02191,1
20210220,15,02198,4
20210220,15,02199,1
20210220,15,03310,1
20210220,15,03311,2
20210220,15,03802,1
20210220,16,02112,3
20210220,16,02116,3
20210220,16,02128,1
20210220,16,02130,3
20210220,16,02139,1
20210220,16,02148,2
20210220,16,02159,1
20210220,16,02171,10
20210220,16,02172,5
20210220,16,02178,5
20210220,16,02179,2
20210220,16,02186,1
20210220,16,02191,2
20210220,16,03802,2
20210220,17,02111,3
20210220,17,02112,6
20210220,17,02116,2
20210220,17,02122,2
20210220,17,02128,1
20210220,17,02129,5
20210220,17,02148,1
20210220,17,02171,2
20210220,17,02172,3
20210220,17,02178,2
20210220,17,02179,1
20210220,17,02198,2
20210220,17,03802,1
20210220,18,02111,2
20210220,18,02112,5
20210220,18,02116,1
20210220,18,02122,4
20210220,18,02139,1
20210220,18,02148,1
20210220,18,02171,2
20210220,18,02179,2
20210220,18,02191,1
20210220,18,02198,1
20210220,18,03310,1
20210220,19,02111,1
20210220,19,02112,4
20210220,19,02116,1
20210220,19,02122,3
20210220,19,02128,4
20210220,19,02129,1
20210220,19,02130,1
20210220,19,02148,1
20210220,19,02171,2
20210220,19,02172,2
20210220,19,02179,2
20210220,19,02185,2
20210220,19,02191,2
20210220,19,02198,2
20210220,2,02139,1
20210220,2,02179,1
20210220,2,02198,1
20210220,2,03311,1
20210220,20,02111,1
20210220,20,02112,2
20210220,20,02116,1
20210220,20,02122,3
20210220,20,02139,1
20210220,20,02148,3
20210220,20,02171,1
20210220,20,02179,1
20210220,20,02186,1
20210220,20,02198,1
20210220,21,02112,1
20210220,21,02116,2
20210220,21,02139,1
20210220,21,02148,1
20210220,21,02171,3
20210220,21,02179,1
20210220,21,02191,3
20210220,21,03311,2
20210220,22,02111,5
20210220,22,02112,4
20210220,22,02130,1
20210220,22,02139,2
20210220,22,02178,1
20210220,22,02179,2
20210220,22,02191,1
20210220,23,02111,1
20210220,23,02112,1
20210220,23,02128,1
20210220,23,02148,1
20210220,23,02178,1
20210220,3,02171,1
20210220,6,02116,1
20210220,6,02129,1
20210220,6,02185,1
20210220,6,02186,1
20210220,7,02139,1
20210220,7,02185,1
20210220,7,02191,1
20210220,7,03311,1
20210220,8,02111,1
20210220,8,02112,1
20210220,8,02128,1
20210220,8,02148,1
20210220,8,02179,1
20210220,8,03311,1
20210220,9,02111,1
20210220,9,02112,1
20210220,9,02116,1
20210220,9,02128,1
20210220,9,02129,1
20210220,9,02139,1
20210220,9,02143,2
20210220,9,02148,2
20210220,9,02159,2
20210220,9,02171,2
20210220,9,02179,3
20210220,9,02191,4
20210220,9,02199,1
20210220,9,03310,1
20210221,0,02112,2
20210221,0,02122,1
20210221,0,02129,1
20210221,0,02139,2
20210221,0,02171,1
20210221,0,02198,1
20210221,1,02111,1
20210221,10,02112,1
20210221,10,02116,1
20210221,10,02128,2
20210221,10,02129,3
20210221,10,02130,1
20210221,10,02139,1
20210221,10,02179,2
20210221,10,02185,1
20210221,10,02186,1
20210221,10,02191,3
20210221,10,03310,2
20210221,11,02111,2
20210221,11,02112,3
20210221,11,02116,1
20210221,11,02128,1
20210221,11,02129,2
20210221,11,02130,1
20210221,11,02148,2
20210221,11,02172,2
20210221,11,02179,1
20210221,11,02186,2
20210221,11,02191,1
20210221,11,02198,1
20210221,11,03310,2
20210221,11,03311,1
20210221,12,02111,2
20210221,12,02116,1
20210221,12,02122,1
20210221,12,02130,1
20210221,12,02139,2
20210221,12,02143,2
20210221,12,02159,2
20210221,12,02171,6
20210221,12,02172,1
20210221,12,02178,1
20210221,12,02186,1
20210221,12,02191,2
20210221,12,03310,1
20210221,12,03311,2
20210221,13,02111,1
20210221,13,02112,2
20210221,13,02116,2
20210221,13,02122,1
20210221,13,02129,2
20210221,13,02130,1
20210221,13,02139,1
20210221,13,02143,1
20210221,13,02148,1
20210221,13,02159,2
20210221,13,02171,8
20210221,13,02172,1
20210221,13,02186,2
20210221,13,02198,1
20210221,13,02199,1
20210221,13,03310,2
20210221,13,03311,1
20210221,14,02111,2
20210221,14,02112,7
20210221,14,02116,2
20210221,14,02128,1
20210221,14,02129,2
20210221,14,02139,2
20210221,14,02143,1
20210221,14,02171,8
20210221,14,02172,3
20210221,14,02178,1
20210221,14,02179,2
20210221,14,02185,1
20210221,14,02186,2
20210221,14,02198,2
20210221,14,03310,4
20210221,14,03802,1
20210221,15,02111,4
20210221,15,02112,7
20210221,15,02116,3
20210221,15,02122,2
20210221,15,02128,3
20210221,15,02129,1
20210221,15,02143,1
20210221,15,02148,5
20210221,15,02171,3
20210221,15,02172,8
20210221,15,02178,2
20210221,15,02179,1
20210221,15,02185,3
20210221,15,02186,2
20210221,15,02191,6
20210221,15,02198,1
20210221,15,03311,5
20210221,16,02111,4
20210221,16,02112,3
20210221,16,02116,5
20210221,16,02122,1
20210221,16,02128,1
20210221,16,02129,4
20210221,16,02139,1
20210221,16,02143,1
20210221,16,02159,2
20210221,16,02171,3
20210221,16,02172,2
20210221,16,02179,3
20210221,16,02186,1
20210221,17,02111,4
20210221,17,02112,3
20210221,17,02116,3
20210221,17,02129,1
20210221,17,02130,2
20210221,17,02148,2
20210221,17,02159,1
20210221,17,02171,6
20210221,17,02172,1
20210221,17,02178,1
20210221,17,02179,3
20210221,17,02185,2
20210221,17,02191,1
20210221,17,02198,2
20210221,17,03310,2
20210221,17,03802,2
20210221,18,02111,1
20210221,18,02116,3
20210221,18,02122,2
20210221,18,02128,1
20210221,18,02139,1
20210221,18,02148,4
20210221,18,02159,1
20210221,18,02171,4
20210221,18,02178,3
20210221,18,02179,4
20210221,19,02111,3
20210221,19,02112,1
20210221,19,02122,1
20210221,19,02128,1
20210221,19,02129,1
20210221,19,02143,1
20210221,19,02148,2
20210221,19,02159,1
20210221,19,02171,6
20210221,19,02179,2
20210221,19,02185,2
20210221,19,02186,1
20210221,19,02191,3
20210221,19,02198,2
20210221,19,03311,3
20210221,2,02112,3
20210221,2,02148,1
20210221,2,02171,1
20210221,20,02111,6
20210221,20,02112,1
20210221,20,02128,1
20210221,20,02139,2
20210221,20,02148,2
20210221,20,02159,2
20210221,20,02171,1
20210221,20,02179,1
20210221,20,03311,4
20210221,21,02116,3
20210221,21,02122,1
20210221,21,02128,2
20210221,21,02143,1
20210221,21,02148,1
20210221,21,02159,1
20210221,21,02171,1
20210221,21,02178,1
20210221,21,02179,2
20210221,21,02191,1
20210221,21,02198,1
20210221,22,02112,1
20210221,22,02122,2
20210221,22,02129,1
20210221,22,02143,1
20210221,22,02159,2
20210221,22,02171,4
20210221,22,02172,1
20210221,22,02178,1
20210221,22,02186,1
20210221,22,03311,2
20210221,23,02112,1
20210221,23,02128,2
20210221,23,02159,1
20210221,23,02172,1
20210221,23,02179,1
20210221,23,02185,2
20210221,23,02198,3
20210221,23,03311,1
20210221,3,02139,1
20210221,3,02185,1
20210221,4,02148,1
20210221,5,02198,1
20210221,6,02191,1
20210221,7,02111,1
20210221,7,02116,1
20210221,7,02143,1
20210221,7,02171,1
20210221,8,02122,1
20210221,9,02159,1
20210221,9,02171,1
20210221,9,02172,1
20210221,9,02185,1
20210221,9,02186,1
20210221,9,02198,1
20210221,9,03310,3
20210221,9,03311,1
20210222,0,02112,2
20210222,0,02128,1
20210222,0,02129,1
20210222,0,02139,1
20210222,0,02159,1
20210222,0,02171,1
20210222,0,02172,1
20210222,0,02179,2
20210222,0,02198,1
20210222,1,02111,1
20210222,1,02112,2
20210222,1,02139,1
20210222,1,02148,1
20210222,1,02186,2
20210222,10,02111,1
20210222,10,02112,1
20210222,10,02128,1
20210222,10,02185,1
20210222,10,02191,1
20210222,11,02111,1
20210222,11,02116,1
20210222,11,02122,1
20210222,11,02128,1
20210222,11,02186,2
20210222,12,02111,1
20210222,12,02112,1
20210222,12,02171,2
20210222,12,02178,1
20210222,12,02179,1
20210222,12,02185,2
20210222,12,02186,1
20210222,12,02198,1
20210222,12,03311,1
20210222,13,02111,1
20210222,13,02116,1
20210222,13,02143,1
20210222,13,02148,1
20210222,13,02171,3
20210222,13,02185,2
20210222,13,02186,2
20210222,13,02191,2
20210222,13,02198,2
20210222,14,02111,1
20210222,14,02112,4
20210222,14,02116,2
20210222,14,02130,1
20210222,14,02139,1
20210222,14,02171,8
20210222,14,02178,1
20210222,14,02185,1
20210222,14,02186,1
20210222,14,03311,1
20210222,15,02111,1
20210222,15,02112,2
20210222,15,02116,1
20210222,15,02122,1
20210222,15,02130,2
20210222,15,02139,1
20210222,15,02143,1
20210222,15,02148,1
20210222,15,02159,1
20210222,15,02171,6
20210222,15,02172,3
20210222,15,02178,1
20210222,15,02186,1
20210222,15,02191,1
20210222,15,03311,1
20210222,16,02111,1
20210222,16,02116,2
20210222,16,02122,2
20210222,16,02129,2
20210222,16,02130,2
20210222,16,02139,1
20210222,16,02143,1
20210222,16,02148,1
20210222,16,02172,1
20210222,16,02179,4
20210222,16,02185,1
20210222,16,02186,4
20210222,16,02198,1
20210222,16,03311,5
20210222,17,02111,4
20210222,17,02112,2
20210222,17,02116,2
20210222,17,02129,2
20210222,17,02148,3
20210222,17,02171,2
20210222,17,02178,2
20210222,17,02179,3
20210222,17,02185,2
20210222,17,02186,1
20210222,17,02191,1
20210222,17,02198,1
20210222,17,03311,3
20210222,18,02111,1
20210222,18,02122,1
20210222,18,02128,1
20210222,18,02139,1
20210222,18,02148,3
20210222,18,02171,4
20210222,18,02172,1
20210222,18,02185,2
20210222,18,02186,2
20210222,18,02198,3
20210222,18,03311,2
20210222,19,02111,1
20210222,19,02112,2
20210222,19,02116,2
20210222,19,02130,1
20210222,19,02139,1
20210222,19,02148,1
20210222,19,02159,3
20210222,19,02172,1
20210222,19,02179,3
20210222,19,02185,1
20210222,19,02186,1
20210222,19,02191,2
20210222,19,03310,1
20210222,19,03311,2
20210222,2,02129,1
20210222,2,02179,1
20210222,20,02111,1
20210222,20,02112,2
20210222,20,02116,3
20210222,20,02122,3
20210222,20,02128,1
20210222,20,02130,1
20210222,20,02139,1
20210222,20,02171,1
20210222,20,02172,2
20210222,20,02185,1
20210222,20,02191,1
20210222,20,02199,1
20210222,21,02111,1
20210222,21,02112,2
20210222,21,02116,1
20210222,21,02122,2
20210222,21,02128,1
20210222,21,02139,1
20210222,21,02148,1
20210222,21,02171,2
20210222,21,02179,1
20210222,21,02185,1
20210222,21,02191,2
20210222,21,03311,1
20210222,22,02111,1
20210222,22,02122,1
20210222,22,02128,1
20210222,22,02143,2
20210222,22,02148,1
20210222,22,02171,1
20210222,22,02179,3
20210222,22,02186,1
20210222,22,02199,1
20210222,23,02129,1
20210222,23,02148,1
20210222,23,02186,1
20210222,3,02122,1
20210222,3,02128,1
20210222,3,02159,1
20210222,3,02171,2
20210222,3,02186,1
20210222,5,02112,1
20210222,5,02198,1
20210222,6,02139,2
20210222,6,02185,2
20210222,6,02186,1
20210222,7,02128,1
20210222,7,02139,3
20210222,7,02171,1
20210222,7,02191,4
20210222,7,03310,2
20210222,7,03311,1
20210222,8,02111,1
20210222,8,02112,1
20210222,8,02116,1
20210222,8,02129,1
20210222,8,02171,1
20210222,8,02179,3
20210222,8,02185,1
20210222,8,02198,1
20210222,9,02111,2
20210222,9,02112,1
20210222,9,02122,1
20210222,9,02143,1
20210222,9,02148,1
20210222,9,02179,2
20210222,9,02186,1
20210222,9,03311,1
20210223,0,02128,2
20210223,0,02139,1
20210223,0,02148,1
20210223,0,02191,1
20210223,0,03311,2
20210223,1,02130,1
20210223,1,02191,1
20210223,1,02198,1
20210223,10,02122,1
20210223,10,02128,1
20210223,10,02148,1
20210223,10,02159,2
20210223,10,02179,2
20210223,10,02185,2
20210223,10,02198,1
20210223,10,02199,1
20210223,10,03310,1
20210223,10,03311,1
20210223,11,02112,1
20210223,11,02122,1
20210223,11,02139,1
20210223,11,02179,3
20210223,11,02185,1
20210223,11,02186,1
20210223,12,02111,2
20210223,12,02116,3
20210223,12,02130,1
20210223,12,02148,2
20210223,12,02171,1
20210223,12,02179,1
20210223,12,02185,2
20210223,12,02198,1
20210223,12,03310,3
20210223,13,02111,1
20210223,13,02112,1
20210223,13,02116,2
20210223,13,02139,1
20210223,13,02143,3
20210223,13,02148,1
20210223,13,02171,2
20210223,13,02186,3
20210223,13,02198,2
20210223,13,02199,1
20210223,13,03310,1
20210223,13,03311,2
20210223,14,02111,3
20210223,14,02122,1
20210223,14,02143,2
20210223,14,02148,1
20210223,14,02171,2
20210223,14,02178,1
20210223,14,02179,1
20210223,14,02185,1
20210223,14,02186,2
20210223,14,03311,2
20210223,15,02111,1
20210223,15,02112,4
20210223,15,02122,1
20210223,15,02128,1
20210223,15,02129,1
20210223,15,02148,2
20210223,15,02159,2
20210223,15,02171,1
20210223,15,02178,1
20210223,15,02185,1
20210223,15,02186,1
20210223,15,02198,2
20210223,15,02199,2
20210223,16,02112,1
20210223,16,02116,3
20210223,16,02130,1
20210223,16,02148,1
20210223,16,02159,1
20210223,16,02171,4
20210223,16,02179,2
20210223,16,02199,1
20210223,17,02111,1
20210223,17,02116,1
20210223,17,02122,1
20210223,17,02130,2
20210223,17,02139,1
20210223,17,02143,2
20210223,17,02171,4
20210223,17,02178,2
20210223,17,02179,2
20210223,17,02186,1
20210223,18,02111,3
20210223,18,02112,2
20210223,18,02122,1
20210223,18,02128,1
20210223,18,02130,1
20210223,18,02139,2
20210223,18,02148,5
20210223,18,02171,5
20210223,18,02178,2
20210223,18,02179,2
20210223,18,02185,2
20210223,18,02191,1
20210223,18,02198,1
20210223,18,03311,3
20210223,19,02116,6
20210223,19,02122,1
20210223,19,02130,1
20210223,19,02139,1
20210223,19,02148,1
20210223,19,02171,1
20210223,19,02178,2
20210223,19,02179,1
20210223,19,02198,1
20210223,19,03311,1
20210223,2,02112,2
20210223,2,02116,1
20210223,2,02129,1
20210223,2,02148,1
20210223,2,02186,1
20210223,2,02198,1
20210223,20,02111,1
20210223,20,02112,2
20210223,20,02116,1
20210223,20,02128,1
20210223,20,02130,2
20210223,20,02139,1
20210223,20,02171,1
20210223,20,02178,1
20210223,20,02179,3
20210223,20,02186,1
20210223,20,02191,2
20210223,21,02112,2
20210223,21,02116,1
20210223,21,02139,1
20210223,21,02172,1
20210223,21,02179,2
20210223,21,02185,1
20210223,21,02191,1
20210223,21,02198,1
20210223,22,02112,1
20210223,22,02122,2
20210223,22,02128,1
20210223,22,02129,1
20210223,22,02143,1
20210223,22,02148,1
20210223,22,02178,1
20210223,22,02179,1
20210223,22,02198,1
20210223,22,03311,1
20210223,23,02111,1
20210223,23,02139,1
20210223,23,02143,1
20210223,23,02179,1
20210223,23,02191,1
20210223,4,02171,1
20210223,5,02112,1
20210223,6,02186,1
20210223,7,02111,1
20210223,7,02112,1
20210223,7,02116,1
20210223,7,02129,1
20210223,7,02139,1
20210223,7,02191,1
20210223,7,03310,1
20210223,8,02112,1
20210223,8,02139,3
20210223,8,03310,5
20210223,9,02130,1
20210223,9,02148,1
20210223,9,02159,1
20210223,9,02171,1
20210223,9,02185,2
20210223,9,03310,4
20210223,9,03311,1
20210224,0,02130,1
20210224,0,02159,1
20210224,0,02179,1
20210224,0,02185,1
20210224,0,02186,1
20210224,0,02191,1
20210224,0,03311,1
20210224,1,02179,1
20210224,1,03311,1
20210224,10,02116,1
20210224,10,02139,1
20210224,10,02143,1
20210224,10,02171,1
20210224,10,02186,1
20210224,10,03311,1
20210224,11,02111,1
20210224,11,02116,1
20210224,11,02122,1
20210224,11,02128,1
20210224,11,02139,1
20210224,11,02143,1
20210224,11,02148,1
20210224,11,03310,2
20210224,11,03311,2
20210224,12,02111,2
20210224,12,02116,1
20210224,12,02122,1
20210224,12,02128,2
20210224,12,02143,1
20210224,12,02148,1
20210224,12,02171,2
20210224,12,02179,1
20210224,12,02185,1
20210224,12,02186,2
20210224,12,02191,1
20210224,12,03310,1
20210224,13,02122,4
20210224,13,02129,1
20210224,13,02148,1
20210224,13,02171,3
20210224,13,02178,1
20210224,13,02179,1
20210224,13,02185,1
20210224,13,02198,1
20210224,13,02199,1
20210224,14,02112,2
20210224,14,02122,1
20210224,14,02128,2
20210224,14,02139,1
20210224,14,02148,1
20210224,14,02171,1
20210224,14,02178,1
20210224,14,02185,1
20210224,14,03311,2
20210224,15,02111,1
20210224,15,02112,1
20210224,15,02139,1
20210224,15,02148,2
20210224,15,02171,1
20210224,15,02178,2
20210224,15,02179,1
20210224,15,02186,1
20210224,15,02191,1
20210224,15,02199,1
20210224,15,03310,4
20210224,15,03311,1
20210224,16,02111,1
20210224,16,02112,2
20210224,16,02116,2
20210224,16,02128,4
20210224,16,02129,2
20210224,16,02130,3
20210224,16,02143,1
20210224,16,02148,1
20210224,16,02171,3
20210224,16,02179,1
20210224,16,02191,1
20210224,16,02198,2
20210224,16,03310,2
20210224,17,02111,2
20210224,17,02112,1
20210224,17,02128,1
20210224,17,02129,1
20210224,17,02130,3
20210224,17,02143,1
20210224,17,02159,1
20210224,17,02171,4
20210224,17,02178,2
20210224,17,02179,6
20210224,17,02185,1
20210224,17,03310,1
20210224,17,03311,2
20210224,18,02111,1
20210224,18,02112,3
20210224,18,02116,4
20210224,18,02122,1
20210224,18,02128,2
20210224,18,02129,3
20210224,18,02139,1
20210224,18,02143,1
20210224,18,02148,1
20210224,18,02171,2
20210224,18,02179,2
20210224,18,02185,2
20210224,18,02186,2
20210224,18,02191,2
20210224,18,02198,1
20210224,18,03311,2
20210224,19,02111,3
20210224,19,02112,2
20210224,19,02116,3
20210224,19,02122,1
20210224,19,02128,1
20210224,19,02130,2
20210224,19,02171,1
20210224,19,02179,1
20210224,19,02185,1
20210224,19,02186,1
20210224,19,02191,3
20210224,19,03310,1
20210224,2,02122,1
20210224,2,02129,1
20210224,2,02179,1
20210224,2,02186,1
20210224,20,02111,2
20210224,20,02112,1
20210224,20,02116,2
20210224,20,02128,1
20210224,20,02129,1
20210224,20,02171,2
20210224,20,02179,2
20210224,20,02185,1
20210224,20,02191,2
20210224,20,03311,2
20210224,21,02112,2
20210224,21,02116,3
20210224,21,02122,1
20210224,21,02129,2
20210224,21,02130,3
20210224,21,02139,1
20210224,21,02148,2
20210224,21,02159,2
20210224,21,02171,5
20210224,21,02179,4
20210224,21,02198,1
20210224,21,03311,1
20210224,22,02111,1
20210224,22,02112,1
20210224,22,02122,1
20210224,22,02129,2
20210224,22,02143,1
20210224,22,02171,1
20210224,22,02185,1
20210224,22,02186,2
20210224,22,02198,1
20210224,23,02111,2
20210224,23,02112,2
20210224,23,02116,2
20210224,23,02128,1
20210224,23,02129,1
20210224,23,02148,1
20210224,23,02171,2
20210224,23,02179,2
20210224,23,02186,2
20210224,23,03311,1
20210224,3,02116,1
20210224,3,02171,1
20210224,5,02112,1
20210224,5,02198,1
20210224,6,02129,1
20210224,7,02111,1
20210224,7,02139,1
20210224,7,02171,1
20210224,7,02191,2
20210224,7,03310,1
20210224,7,03311,1
20210224,8,02111,1
20210224,8,02116,1
20210224,8,02130,1
20210224,8,02139,1
20210224,8,02148,1
20210224,8,02171,2
20210224,8,02179,2
20210224,8,02185,1
20210224,8,02191,4
20210224,8,02198,1
20210224,8,03310,3
20210224,9,02111,1
20210224,9,02112,1
20210224,9,02122,1
20210224,9,02139,2
20210224,9,02148,1
20210224,9,02172,1
20210224,9,02179,2
20210224,9,02199,3
20210224,9,03310,3
20210225,0,02112,1
20210225,0,02116,1
20210225,0,02139,2
20210225,0,02143,1
20210225,0,02148,1
20210225,0,02191,3
20210225,0,02198,1
20210225,1,02191,1
20210225,1,02199,1
20210225,10,02130,1
20210225,10,02143,1
20210225,10,02171,2
20210225,10,02179,1
20210225,10,02198,2
20210225,10,03311,2
20210225,11,02122,1
20210225,11,02129,1
20210225,11,02148,1
20210225,11,02159,1
20210225,11,02171,1
20210225,11,02178,1
20210225,11,02186,1
20210225,12,02111,3
20210225,12,02112,2
20210225,12,02128,1
20210225,12,02129,1
20210225,12,02143,1
20210225,12,02171,1
20210225,12,02172,1
20210225,12,02178,1
20210225,12,02185,1
20210225,12,02191,2
20210225,12,02199,1
20210225,13,02111,1
20210225,13,02116,1
20210225,13,02139,1
20210225,13,02148,1
20210225,13,02171,1
20210225,13,02172,2
20210225,13,02179,1
20210225,13,02185,1
20210225,13,02198,1
20210225,14,02116,1
20210225,14,02128,1
20210225,14,02129,2
20210225,14,02143,1
20210225,14,02148,1
20210225,14,02178,1
20210225,14,02198,1
20210225,14,03311,1
20210225,15,02111,1
20210225,15,02128,3
20210225,15,02129,1
20210225,15,02148,1
20210225,15,02159,1
20210225,15,02171,2
20210225,15,02179,1
20210225,15,02191,2
20210225,15,03311,2
20210225,16,02112,1
20210225,16,02116,1
20210225,16,02128,1
20210225,16,02139,1
20210225,16,02143,1
20210225,16,02148,1
20210225,16,02171,2
20210225,16,02178,3
20210225,16,02179,1
20210225,16,02186,2
20210225,16,02198,1
20210225,16,03311,1
20210225,17,02112,2
20210225,17,02128,2
20210225,17,02129,2
20210225,17,02143,1
20210225,17,02148,2
20210225,17,02171,4
20210225,17,02172,1
20210225,17,02186,2
20210225,17,02198,1
20210225,17,03311,2
20210225,18,02111,2
20210225,18,02116,1
20210225,18,02122,1
20210225,18,02128,2
20210225,18,02129,2
20210225,18,02139,1
20210225,18,02148,4
20210225,18,02171,2
20210225,18,02172,1
20210225,18,02178,1
20210225,18,02179,2
20210225,18,02185,1
20210225,18,02186,1
20210225,18,02191,1
20210225,18,02198,1
20210225,18,03311,1
20210225,19,02111,1
20210225,19,02112,5
20210225,19,02116,1
20210225,19,02128,1
20210225,19,02129,1
20210225,19,02139,1
20210225,19,02148,1
20210225,19,02159,1
20210225,19,02171,3
20210225,19,02179,2
20210225,19,02185,1
20210225,19,02191,2
20210225,19,03310,2
20210225,2,02179,1
20210225,20,02111,4
20210225,20,02116,3
20210225,20,02122,2
20210225,20,02128,1
20210225,20,02130,1
20210225,20,02143,1
20210225,20,02148,2
20210225,20,02171,1
20210225,20,02179,1
20210225,20,02185,1
20210225,20,02186,3
20210225,21,02111,5
20210225,21,02112,4
20210225,21,02116,1
20210225,21,02122,1
20210225,21,02128,2
20210225,21,02148,5
20210225,21,02171,3
20210225,21,02179,4
20210225,21,02185,1
20210225,21,02191,1
20210225,21,02199,1
20210225,22,02111,7
20210225,22,02112,2
20210225,22,02116,4
20210225,22,02122,1
20210225,22,02128,1
20210225,22,02129,2
20210225,22,02159,1
20210225,22,02179,1
20210225,22,02185,1
20210225,22,02186,1
20210225,22,02198,1
20210225,23,02122,2
20210225,23,02128,1
20210225,23,02139,1
20210225,23,02171,1
20210225,23,02179,1
20210225,23,02186,1
20210225,23,03311,1
20210225,3,02139,1
20210225,3,02179,1
20210225,5,02185,1
20210225,5,02198,1
20210225,6,02129,1
20210225,6,02191,1
20210225,6,02198,1
20210225,7,02116,1
20210225,7,02128,1
20210225,7,02139,2
20210225,7,02171,4
20210225,7,02191,1
20210225,8,02111,2
20210225,8,02112,1
20210225,8,02128,1
20210225,8,02129,2
20210225,8,02139,1
20210225,8,02143,1
20210225,8,02148,2
20210225,8,02179,2
20210225,9,02112,1
20210225,9,02128,2
20210225,9,02129,2
20210225,9,02148,1
20210225,9,02159,2
20210225,9,02172,2
20210225,9,02179,2
20210225,9,02185,1
20210225,9,02186,1
20210225,9,02191,1
20210225,9,02198,1
20210226,0,02112,4
20210226,0,02122,2
20210226,0,02128,1
20210226,0,02129,1
20210226,0,02186,1
20210226,0,02198,1
20210226,0,02199,1
20210226,1,02112,1
20210226,1,02116,1
20210226,1,02139,1
20210226,10,02111,1
20210226,10,02122,2
20210226,10,02128,1
20210226,10,02148,2
20210226,10,02171,3
20210226,10,02172,2
20210226,10,02185,1
20210226,10,03311,3
20210226,11,02111,2
20210226,11,02122,2
20210226,11,02128,1
20210226,11,02129,2
20210226,11,02148,1
20210226,11,02172,1
20210226,11,02179,1
20210226,11,02185,1
20210226,11,02191,1
20210226,12,02111,3
20210226,12,02116,2
20210226,12,02122,2
20210226,12,02130,1
20210226,12,02143,3
20210226,12,02171,1
20210226,12,02179,1
20210226,12,02185,1
20210226,12,02186,1
20210226,12,02191,2
20210226,12,03311,2
20210226,13,02112,3
20210226,13,02116,2
20210226,13,02122,1
20210226,13,02128,1
20210226,13,02139,1
20210226,13,02143,1
20210226,13,02171,3
20210226,13,02178,1
20210226,13,02185,1
20210226,13,02186,2
20210226,13,02191,4
20210226,13,02198,1
20210226,13,02199,3
20210226,13,03311,2
20210226,14,02111,1
20210226,14,02112,2
20210226,14,02122,1
20210226,14,02128,2
20210226,14,02129,1
20210226,14,02130,3
20210226,14,02159,1
20210226,14,02171,1
20210226,14,02178,2
20210226,14,02185,1
20210226,14,02186,2
20210226,14,02198,1
20210226,15,02111,4
20210226,15,02112,2
20210226,15,02122,1
20210226,15,02128,1
20210226,15,02130,2
20210226,15,02139,1
20210226,15,02143,1
20210226,15,02148,2
20210226,15,02171,2
20210226,15,02178,1
20210226,15,02179,1
20210226,15,02185,3
20210226,15,02198,1
20210226,16,02111,1
20210226,16,02112,4
20210226,16,02116,1
20210226,16,02122,4
20210226,16,02128,3
20210226,16,02129,2
20210226,16,02130,1
20210226,16,02139,3
20210226,16,02143,1
20210226,16,02171,3
20210226,16,02185,1
20210226,16,02186,1
20210226,16,02198,1
20210226,16,03311,3
20210226,17,02111,2
20210226,17,02112,4
20210226,17,02116,5
20210226,17,02128,1
20210226,17,02148,2
20210226,17,02159,1
20210226,17,02171,3
20210226,17,02172,1
20210226,17,02178,5
20210226,17,02186,1
20210226,17,03311,2
20210226,18,02111,4
20210226,18,02112,5
20210226,18,02116,4
20210226,18,02122,4
20210226,18,02128,1
20210226,18,02129,3
20210226,18,02130,1
20210226,18,02139,1
20210226,18,02143,1
20210226,18,02148,3
20210226,18,02159,1
20210226,18,02171,7
20210226,18,02178,1
20210226,18,02179,5
20210226,18,02185,1
20210226,18,02186,1
20210226,18,02191,2
20210226,18,02198,1
20210226,18,02199,1
20210226,19,02111,1
20210226,19,02112,1
20210226,19,02116,1
20210226,19,02122,3
20210226,19,02128,1
20210226,19,02129,1
20210226,19,02143,1
20210226,19,02148,1
20210226,19,02159,1
20210226,19,02171,6
20210226,19,02178,1
20210226,19,02179,3
20210226,19,02185,2
20210226,19,02186,1
20210226,19,02191,1
20210226,19,02199,1
20210226,19,03311,2
20210226,2,02116,1
20210226,2,02172,1
20210226,20,02122,3
20210226,20,02128,2
20210226,20,02129,1
20210226,20,02139,1
20210226,20,02143,1
20210226,20,02148,2
20210226,20,02171,3
20210226,20,02179,1
20210226,20,02186,1
20210226,20,02191,1
20210226,20,02198,1
20210226,21,02111,5
20210226,21,02112,2
20210226,21,02116,3
20210226,21,02122,4
20210226,21,02129,1
20210226,21,02139,1
20210226,21,02148,1
20210226,21,02159,1
20210226,21,02171,4
20210226,21,02179,1
20210226,21,02185,3
20210226,21,02191,2
20210226,21,02198,1
20210226,22,02111,1
20210226,22,02112,2
20210226,22,02116,1
20210226,22,02122,2
20210226,22,02129,1
20210226,22,02143,2
20210226,22,02148,1
20210226,22,02171,4
20210226,22,02178,1
20210226,22,02179,2
20210226,22,02185,1
20210226,22,02191,2
20210226,23,02112,3
20210226,23,02116,1
20210226,23,02122,1
20210226,23,02128,2
20210226,23,02129,1
20210226,23,02130,1
20210226,23,02139,1
20210226,23,02148,1
20210226,23,02172,2
20210226,23,02178,1
20210226,23,02179,3
20210226,23,02185,1
20210226,23,02198,1
20210226,4,02185,1
20210226,5,02112,1
20210226,5,02139,1
20210226,5,02185,1
20210226,5,02186,1
20210226,6,02129,1
20210226,6,02139,1
20210226,6,02185,1
20210226,7,02111,1
20210226,7,02116,1
20210226,7,02139,2
20210226,7,02171,1
20210226,7,02186,1
20210226,7,02191,3
20210226,7,03311,1
20210226,8,02130,1
20210226,8,02139,2
20210226,8,02143,1
20210226,8,02148,1
20210226,8,02159,2
20210226,8,02171,2
20210226,8,02179,3
20210226,8,02186,1
20210226,8,02191,5
20210226,8,02198,1
20210226,9,02112,3
20210226,9,02128,1
20210226,9,02130,1
20210226,9,02139,1
20210226,9,02148,1
20210226,9,02159,1
20210226,9,02171,1
20210226,9,02179,1
20210226,9,02199,1
20210226,9,03311,2
20210227,0,02112,3
20210227,0,02128,1
20210227,0,02130,1
20210227,0,02139,3
20210227,0,02148,1
20210227,0,02159,3
20210227,0,02171,2
20210227,0,02179,2
20210227,0,02186,1
20210227,0,02191,1
20210227,1,02112,2
20210227,1,02116,1
20210227,1,02128,3
20210227,1,02129,1
20210227,1,02130,1
20210227,1,02171,1
20210227,1,02185,1
20210227,10,02111,1
20210227,10,02139,1
20210227,10,02148,1
20210227,10,02172,1
20210227,10,02185,1
20210227,10,02186,1
20210227,10,02198,1
20210227,10,03802,1
20210227,11,02122,1
20210227,11,02130,2
20210227,11,02143,2
20210227,11,02159,1
20210227,11,02171,1
20210227,11,02172,2
20210227,11,02178,1
20210227,11,02179,2
20210227,11,02185,1
20210227,11,03311,1
20210227,11,03802,1
20210227,12,02111,3
20210227,12,02112,1
20210227,12,02116,4
20210227,12,02128,1
20210227,12,02130,2
20210227,12,02139,2
20210227,12,02143,1
20210227,12,02148,1
20210227,12,02159,3
20210227,12,02171,3
20210227,12,02172,1
20210227,12,02179,1
20210227,12,02185,4
20210227,12,02186,3
20210227,12,02198,1
20210227,12,02199,1
20210227,12,03311,3
20210227,13,02111,1
20210227,13,02112,1
20210227,13,02116,5
20210227,13,02122,3
20210227,13,02128,1
20210227,13,02130,1
20210227,13,02139,2
20210227,13,02148,6
20210227,13,02159,3
20210227,13,02171,1
20210227,13,02172,2
20210227,13,02178,1
20210227,13,02179,1
20210227,13,02186,1
20210227,13,02191,5
20210227,13,03310,1
20210227,13,03311,1
20210227,13,03802,1
20210227,14,02111,1
20210227,14,02112,1
20210227,14,02116,3
20210227,14,02122,5
20210227,14,02129,3
20210227,14,02130,1
20210227,14,02143,2
20210227,14,02148,4
20210227,14,02159,2
20210227,14,02171,2
20210227,14,02172,3
20210227,14,02179,2
20210227,14,02198,3
20210227,14,02199,2
20210227,14,03311,1
20210227,14,03802,2
20210227,15,02111,7
20210227,15,02112,6
20210227,15,02122,7
20210227,15,02128,1
20210227,15,02139,1
20210227,15,02143,1
20210227,15,02148,1
20210227,15,02159,7
20210227,15,02172,2
20210227,15,02179,4
20210227,15,02185,1
20210227,15,02186,1
20210227,15,02191,3
20210227,15,02198,2
20210227,15,02199,5
20210227,15,03311,4
20210227,15,03802,4
20210227,16,02111,2
20210227,16,02112,1
20210227,16,02116,2
20210227,16,02122,5
20210227,16,02129,1
20210227,16,02130,4
20210227,16,02139,4
20210227,16,02148,4
20210227,16,02159,2
20210227,16,02172,1
20210227,16,02178,6
20210227,16,02179,4
20210227,16,02185,2
20210227,16,02198,4
20210227,16,03311,2
20210227,16,03802,2
20210227,17,02111,2
20210227,17,02112,3
20210227,17,02116,3
20210227,17,02122,1
20210227,17,02128,1
20210227,17,02130,1
20210227,17,02148,1
20210227,17,02159,2
20210227,17,02171,3
20210227,17,02172,2
20210227,17,02178,1
20210227,17,02179,2
20210227,17,02185,4
20210227,17,02186,2
20210227,17,02198,2
20210227,17,03802,1
20210227,18,02111,3
20210227,18,02116,1
20210227,18,02122,2
20210227,18,02130,1
20210227,18,02148,1
20210227,18,02171,3
20210227,18,02179,3
20210227,18,02185,1
20210227,18,02191,2
20210227,18,02198,1
20210227,18,02199,1
20210227,18,03802,1
20210227,19,02111,3
20210227,19,02112,4
20210227,19,02116,1
20210227,19,02122,1
20210227,19,02128,2
20210227,19,02129,3
20210227,19,02139,1
20210227,19,02148,2
20210227,19,02159,1
20210227,19,02171,4
20210227,19,02179,1
20210227,19,02185,1
20210227,19,02186,1
20210227,19,02191,1
20210227,19,02198,2
20210227,19,03311,1
20210227,2,02112,3
20210227,2,02128,1
20210227,2,02148,1
20210227,2,02171,6
20210227,2,02179,1
20210227,2,02191,1
20210227,2,03311,1
20210227,20,02111,1
20210227,20,02112,2
20210227,20,02116,1
20210227,20,02122,1
20210227,20,02139,1
20210227,20,02148,2
20210227,20,02159,2
20210227,20,02171,2
20210227,20,02172,1
20210227,20,02179,4
20210227,20,02185,1
20210227,20,02198,1
20210227,20,02199,1
20210227,21,02111,1
20210227,21,02112,3
20210227,21,02122,1
20210227,21,02148,1
20210227,21,02159,1
20210227,21,02171,5
20210227,21,02172,1
20210227,21,02178,1
20210227,21,02179,2
20210227,21,02186,1
20210227,21,02198,1
20210227,21,03311,1
20210227,22,02111,1
20210227,22,02112,5
20210227,22,02116,3
20210227,22,02122,1
20210227,22,02128,2
20210227,22,02139,1
20210227,22,02159,1
20210227,22,02171,2
20210227,22,02178,1
20210227,22,02179,4
20210227,22,02198,1
20210227,23,02112,2
20210227,23,02128,2
20210227,23,02129,1
20210227,23,02139,1
20210227,23,02143,1
20210227,23,02178,2
20210227,23,02179,1
20210227,23,02191,1
20210227,3,02112,1
20210227,3,02116,2
20210227,3,02129,1
20210227,3,02139,1
20210227,3,02179,1
20210227,3,02185,1
20210227,5,02179,1
20210227,5,02185,1
20210227,5,02186,1
20210227,5,02198,1
20210227,6,02139,1
20210227,6,02143,1
20210227,7,02171,1
20210227,7,02191,1
20210227,7,03311,2
20210227,8,02116,1
20210227,8,02129,1
20210227,8,02130,2
20210227,8,02159,2
20210227,8,02185,2
20210227,9,02111,1
20210227,9,02116,2
20210227,9,02122,1
20210227,9,02129,1
20210227,9,02130,2
20210227,9,02143,1
20210227,9,02148,2
20210227,9,02171,2
20210227,9,02179,2
20210227,9,02185,2
20210227,9,02191,2
20210227,9,02198,2
20210227,9,03311,1
20210228,0,02111,1
20210228,0,02112,1
20210228,0,02116,1
20210228,0,02129,1
20210228,0,02148,1
20210228,0,02171,2
20210228,0,02178,1
20210228,0,02185,2
20210228,0,02191,1
20210228,0,03311,1
20210228,1,02111,1
20210228,1,02116,2
20210228,1,02128,1
20210228,1,02129,1
20210228,1,02179,1
20210228,1,02186,1
20210228,10,02112,3
20210228,10,02129,1
20210228,10,02159,2
20210228,10,02171,2
20210228,11,02122,1
20210228,11,02128,1
20210228,11,02129,1
20210228,11,02139,3
20210228,11,02148,2
20210228,11,02159,2
20210228,11,02171,2
20210228,11,02172,2
20210228,11,02179,1
20210228,11,02191,2
20210228,11,02199,1
20210228,11,03802,2
20210228,12,02112,2
20210228,12,02122,1
20210228,12,02129,1
20210228,12,02139,2
20210228,12,02143,2
20210228,12,02148,1
20210228,12,02171,3
20210228,12,02172,6
20210228,12,02178,2
20210228,12,02179,2
20210228,12,02186,4
20210228,12,02191,1
20210228,12,02199,1
20210228,12,03311,2
20210228,13,02111,1
20210228,13,02112,1
20210228,13,02116,1
20210228,13,02128,1
20210228,13,02139,1
20210228,13,02143,2
20210228,13,02171,5
20210228,13,02172,4
20210228,13,02178,2
20210228,13,02179,1
20210228,13,02191,5
20210228,13,02199,1
20210228,13,03311,2
20210228,14,02116,1
20210228,14,02122,2
20210228,14,02143,1
20210228,14,02148,1
20210228,14,02171,2
20210228,14,02172,1
20210228,14,02178,1
20210228,14,02179,2
20210228,14,02185,1
20210228,14,02186,1
20210228,14,02191,1
20210228,14,02199,3
20210228,14,03311,1
20210228,14,03802,3
20210228,15,02111,1
20210228,15,02112,2
20210228,15,02122,2
20210228,15,02129,3
20210228,15,02139,1
20210228,15,02143,1
20210228,15,02148,2
20210228,15,02159,1
20210228,15,02171,1
20210228,15,02172,2
20210228,15,02178,1
20210228,15,02179,2
20210228,15,03802,2
20210228,16,02111,1
20210228,16,02112,1
20210228,16,02116,3
20210228,16,02129,1
20210228,16,02148,2
20210228,16,02171,3
20210228,16,02172,1
20210228,16,02179,2
20210228,16,02185,1
20210228,16,02191,2
20210228,16,03311,1
20210228,17,02122,1
20210228,17,02128,5
20210228,17,02129,3
20210228,17,02130,2
20210228,17,02159,1
20210228,17,02171,4
20210228,17,02179,1
20210228,17,02185,2
20210228,17,03311,3
20210228,18,02111,3
20210228,18,02112,2
20210228,18,02116,2
20210228,18,02122,2
20210228,18,02129,1
20210228,18,02148,1
20210228,18,02159,1
20210228,18,02171,5
20210228,18,02178,1
20210228,18,02179,1
20210228,18,02186,1
20210228,18,02191,1
20210228,18,02198,2
20210228,18,03311,1
20210228,18,03802,2
20210228,19,02111,2
20210228,19,02112,7
20210228,19,02116,1
20210228,19,02122,1
20210228,19,02139,1
20210228,19,02148,4
20210228,19,02171,2
20210228,19,02179,2
20210228,19,02185,1
20210228,19,02186,2
20210228,19,02191,1
20210228,19,03310,1
20210228,19,03311,1
20210228,2,02112,2
20210228,2,02171,1
20210228,2,02179,1
20210228,20,02111,5
20210228,20,02116,2
20210228,20,02128,1
20210228,20,02148,2
20210228,20,02171,5
20210228,20,02179,2
20210228,20,02185,1
20210228,20,02191,1
20210228,20,03802,1
20210228,21,02111,2
20210228,21,02129,1
20210228,21,02143,2
20210228,21,02148,2
20210228,21,02171,1
20210228,21,02179,2
20210228,21,02185,1
20210228,21,02186,1
20210228,21,02198,1
20210228,22,02112,4
20210228,22,02129,1
20210228,22,02139,3
20210228,22,02143,1
20210228,22,02148,1
20210228,22,02171,1
20210228,22,02179,1
20210228,22,02185,2
20210228,22,02198,2
20210228,22,02199,1
20210228,23,02111,2
20210228,23,02112,6
20210228,23,02116,1
20210228,23,02139,1
20210228,23,02171,1
20210228,23,02179,1
20210228,23,02186,1
20210228,23,02199,1
20210228,23,03310,1
20210228,23,03311,1
20210228,3,02116,2
20210228,3,02179,1
20210228,4,02139,1
20210228,4,03311,1
20210228,5,02128,1
20210228,5,02129,1
20210228,5,02198,1
20210228,6,02191,1
20210228,7,02111,1
20210228,7,02171,1
20210228,7,02178,1
20210228,8,02128,1
20210228,8,02185,3
20210228,8,02191,1
20210228,8,02198,1
20210228,9,02112,2
20210228,9,02116,1
20210228,9,02122,1
20210228,9,02139,1
20210228,9,02159,1
20210228,9,02172,1
20210228,9,02178,1
20210228,9,02191,2
20210228,9,02198,1
20210228,9,02199,2
20210228,9,03311,1
